,filename,Reentrancy,Integer_Overflow_Underflow,Access_Control,Timestamp_Dependence,Transaction_Ordering_Dependence_Front_Running,tx_origin,Unchecked_Low_Level_Calls
0,CodeSmell_OriginalFiles/0x00430f32b8e77a456d0ab7e6f1dc1b84f4ae62e0.sol,0,0,0,0,0,0,0
1,CodeSmell_OriginalFiles/0x01617196358c14628d032f9c5f7188f2fbcafd78.sol,0,0,0,0,0,0,1
2,CodeSmell_OriginalFiles/0x01bd70a0cc118bca4c70624286488e8f3d78a10f.sol,0,0,0,0,0,0,1
3,CodeSmell_OriginalFiles/0x01d5d0108589f3c52fcce6e65503bb6515e66698.sol,0,0,0,0,0,0,0
4,CodeSmell_OriginalFiles/0x0214d7faA8145bDdb0fb4977980cE26AA1f95cEE.sol,0,0,0,0,0,0,0
5,CodeSmell_OriginalFiles/0x0348b55abd6e1a99c6ebc972a6a4582ec0bceb5c.sol,0,1,0,0,0,0,0
6,CodeSmell_OriginalFiles/0x035a401972f228b58dcae76bf318b54ed036d680.sol,0,1,0,0,0,0,1
7,CodeSmell_OriginalFiles/0x040d11c850fb167cddb1e4d308fe9062fddaebd1.sol,0,1,0,0,0,0,1
8,CodeSmell_OriginalFiles/0x05580ac8bdcdecee70c39592cd07c303992d58b8.sol,0,0,0,0,0,0,0
9,CodeSmell_OriginalFiles/0x05d379b48A8622ae4018309E116420Db4a38A225.sol,0,0,0,0,0,0,0
10,CodeSmell_OriginalFiles/0x06012c8cf97bead5deae237070f9587f8e7a266d.sol,1,1,0,0,0,0,0
11,CodeSmell_OriginalFiles/0x060e1e5ca588561431822e296aeab1fdecc893dc.sol,0,0,0,0,0,0,0
12,CodeSmell_OriginalFiles/0x06Ee3390532f493B4C3a41aA6E396ec750C038d7.sol,0,0,0,0,0,0,1
13,CodeSmell_OriginalFiles/0x075a5d77E17502ABa0388746aA229BB33682f521.sol,0,0,0,0,0,0,0
14,CodeSmell_OriginalFiles/0x08fca9bfaed36c29ee3435206158f13dedf4a859.sol,0,1,0,0,0,0,1
15,CodeSmell_OriginalFiles/0x090fC358FA1a992C083590c7dd33Ad5208A02e9d.sol,0,0,0,0,0,0,0
16,CodeSmell_OriginalFiles/0x092d3374f942bb4a99ce64f37fa7e661fdd1e74c.sol,1,0,0,0,0,0,0
17,CodeSmell_OriginalFiles/0x09678741bd50c3e74301f38fbd0136307099ae5d.sol,0,0,0,1,0,0,0
18,CodeSmell_OriginalFiles/0x0E915b35cC269b2DfC8BbD8E4A88Ed4884a53EfC.sol,1,1,0,0,0,0,0
19,CodeSmell_OriginalFiles/0x0F4caFDCE3737601C598BcFD4Bbd69F75786bA40.sol,1,0,0,0,0,0,0
20,CodeSmell_OriginalFiles/0x0b1724cc9fda0186911ef6a75949e9c0d3f0f2f3.sol,0,0,0,0,0,0,0
21,CodeSmell_OriginalFiles/0x0b6bc31fe6839ec3b8cfc98819cec7fa64158a8f.sol,0,0,0,0,0,0,1
22,CodeSmell_OriginalFiles/0x0b9e9c56ec900fbea85546444458d3c31ab60572.sol,0,0,0,0,0,0,0
23,CodeSmell_OriginalFiles/0x0dE2aD05856f8F5bfD8284D540a5d8C3AEc4dC9A.sol,0,0,0,0,0,0,0
24,CodeSmell_OriginalFiles/0x0dcfdb9f5496ed7f62dd0ac019c7daf184a66aef.sol,0,0,0,0,0,0,0
25,CodeSmell_OriginalFiles/0x0f598112679b78e17a4a9febc83703710d33489c.sol,0,0,0,0,0,0,0
26,CodeSmell_OriginalFiles/0x0f5d2fb29fb7d3cfee444a200298f468908cc942.sol,0,0,0,0,0,0,0
27,CodeSmell_OriginalFiles/0x103c2c150a2dbcc277ee084c59881978060c8c22.sol,0,1,0,0,0,0,0
28,CodeSmell_OriginalFiles/0x10b7d09dca7f9c6d33a9aeef5bf2bb5ce3ec1550.sol,0,0,0,0,0,0,0
29,CodeSmell_OriginalFiles/0x10e32d84d8bd44b68e99c6fe147ef2ba63e6ae22.sol,0,0,0,0,0,0,0
30,CodeSmell_OriginalFiles/0x11524a168d1b888df781a87a6b4511f199b543ad.sol,0,0,0,0,0,0,0
31,CodeSmell_OriginalFiles/0x11d4ec0991951b5ea20a1f3bf0c9e36e054b1e55.sol,0,0,0,0,0,0,1
32,CodeSmell_OriginalFiles/0x129acbb3ad1a3ad13fec0fc7ca26811a487e14c9.sol,0,0,0,0,0,0,0
33,CodeSmell_OriginalFiles/0x12b58582694d1f854ce2a947b27be598569fbc92.sol,0,0,0,0,0,0,1
34,CodeSmell_OriginalFiles/0x13ce614e9d7ce609dedba1b42ba2163426ba5ace.sol,0,0,0,0,0,0,0
35,CodeSmell_OriginalFiles/0x13ea82d5e1a811f55bda9c86fdd6195a6bd23aed.sol,0,0,0,0,0,0,0
36,CodeSmell_OriginalFiles/0x141766882733cafa9033e8707548fdcac908db22.sol,1,1,0,0,0,0,0
37,CodeSmell_OriginalFiles/0x14a3f4795076c0ae67c2aa9efc10e58427a00dff.sol,0,1,0,0,0,0,0
38,CodeSmell_OriginalFiles/0x14c6c5b52827b9fffef52e08ee2479498e5c9cf3.sol,0,0,0,0,0,0,1
39,CodeSmell_OriginalFiles/0x14cf6193935b17fc72649ba420fdd5bfdf1f0001.sol,1,1,0,1,0,0,1
40,CodeSmell_OriginalFiles/0x14f109d126c58b5bf55cdc51b9bd90b21e6a6de5.sol,0,0,0,0,0,0,0
41,CodeSmell_OriginalFiles/0x155E7e9ab193Aa37c87D22f66002e3dB64C9E0Ce.sol,0,0,0,0,0,0,0
42,CodeSmell_OriginalFiles/0x15dbdB25f870f21eaf9105e68e249E0426DaE916.sol,0,0,0,0,0,0,0
43,CodeSmell_OriginalFiles/0x16885883e2785C56D279636b45fB85d8F9B0db23.sol,1,1,0,0,0,0,0
44,CodeSmell_OriginalFiles/0x16a0772b17ae004e6645e0e95bf50ad69498a34e.sol,0,1,0,0,0,0,1
45,CodeSmell_OriginalFiles/0x173fc908b21b861facf54c65c10002b1e2f9c323.sol,0,0,0,0,0,0,0
46,CodeSmell_OriginalFiles/0x1748255382157bc5d4ed7e70c56afc5c97bddf07.sol,0,1,0,0,0,0,0
47,CodeSmell_OriginalFiles/0x19d7a9ad3b49252fd2ef640d0e43dfd651168499.sol,1,0,0,0,0,0,0
48,CodeSmell_OriginalFiles/0x1b8f71e4eec8df98598bbc3093cafeb57c7109ae.sol,0,0,0,0,0,0,0
49,CodeSmell_OriginalFiles/0x1bb28e79f2482df6bf60efc7a33365703bcf1536.sol,0,0,0,0,0,0,0
50,CodeSmell_OriginalFiles/0x1c02ce498dc6d0d6ef05a253e021258b07eeba91.sol,0,0,0,0,0,0,0
51,CodeSmell_OriginalFiles/0x1cE7AE555139c5EF5A57CC8d814a867ee6Ee33D8.sol,1,0,0,0,0,0,1
52,CodeSmell_OriginalFiles/0x1cf6949F4B661018B3195f3FF98effe12f587263.sol,0,0,0,0,0,0,0
53,CodeSmell_OriginalFiles/0x1d840cb510f084e6154c85d14d98cdc8f7a3b4d5.sol,0,0,0,0,0,0,0
54,CodeSmell_OriginalFiles/0x1de2bfa2dfbca3af3848bfd9089ff84f447366f4.sol,1,0,0,0,0,0,0
55,CodeSmell_OriginalFiles/0x1de4b791c6c7230dffb6d1ecce8eef1ed7f631f9.sol,1,0,0,0,0,0,0
56,CodeSmell_OriginalFiles/0x1e025340d6f75a2a4ef81139049cfbf976782eeb.sol,1,1,0,1,0,0,0
57,CodeSmell_OriginalFiles/0x1e2fbe6be9eb39fc894d38be976111f332172d83.sol,1,0,0,0,0,0,1
58,CodeSmell_OriginalFiles/0x1f31d1168efe4bd22d00d31fc425e5bcb54c75e7.sol,0,1,0,0,0,0,0
59,CodeSmell_OriginalFiles/0x1f88888732d0943bb49f7573a8848814ff0a4090.sol,0,0,0,0,0,0,0
60,CodeSmell_OriginalFiles/0x1fc7bd85293f3982f40d52698df8d26be89360d6.sol,1,1,0,0,0,0,0
61,CodeSmell_OriginalFiles/0x208d6ed75f6aacdb9c71099c0943736fddbf5989.sol,0,1,0,0,0,0,1
62,CodeSmell_OriginalFiles/0x2128ed30ffef264f70f2d6237108f8aa02fb3b64.sol,0,0,0,0,0,0,1
63,CodeSmell_OriginalFiles/0x218aa06eabc62f2668b0a1e1307d9f7ec47d29a2.sol,0,0,0,0,0,0,1
64,CodeSmell_OriginalFiles/0x219218f117dc9348b358b8471c55a073e5e0da0b.sol,0,1,0,0,0,0,0
65,CodeSmell_OriginalFiles/0x22164e957ac4c0cb0f19c49b05e627675436dfe1.sol,1,1,0,1,0,0,0
66,CodeSmell_OriginalFiles/0x225ad9683005ce6fde4eae78c7ed91a499182378.sol,0,1,0,0,0,0,0
67,CodeSmell_OriginalFiles/0x23166b7900d968f2A2100829b0A19540aa2f7cf1.sol,0,0,0,0,0,0,0
68,CodeSmell_OriginalFiles/0x23a20f8e0b5c79f39a2b4395a610a60fb30bc71d.sol,0,0,0,0,0,0,0
69,CodeSmell_OriginalFiles/0x26d08b9d227933a85e855656dc46ab889e183c88.sol,1,0,0,0,0,0,0
70,CodeSmell_OriginalFiles/0x27218c41e1054dc0484acd2ad35def0ffd17782a.sol,1,0,0,1,0,0,0
71,CodeSmell_OriginalFiles/0x276f5da0f6c7b55129570ac7195e6e65122a4cd0.sol,0,0,0,0,0,0,0
72,CodeSmell_OriginalFiles/0x27ba31d1f1219ba326a30c9fb9e17fb4d6a364a7.sol,0,0,0,0,0,0,0
73,CodeSmell_OriginalFiles/0x286bda1413a2df81731d4930ce2f862a35a609fe.sol,0,0,0,0,0,0,0
74,CodeSmell_OriginalFiles/0x286e052bc8250250566683424001ee5224867d91.sol,0,1,0,0,0,0,0
75,CodeSmell_OriginalFiles/0x29aa20fB9b23421E310BDB8a7cfB81d7fbB4a1b3.sol,1,1,0,0,0,0,0
76,CodeSmell_OriginalFiles/0x2a0c0dbecc7e4d658f48e01e3fa353f44050c208.sol,1,0,0,0,0,0,0
77,CodeSmell_OriginalFiles/0x2af47a65da8cd66729b4209c22017d6a5c2d2400.sol,1,1,0,0,0,0,1
78,CodeSmell_OriginalFiles/0x2c1180e2818069e5a9f911e636fb8f3db5106a9f.sol,0,0,0,0,0,0,0
79,CodeSmell_OriginalFiles/0x2c3cc0f8dede2eccae43380ecf29b61fa6d10dca.sol,0,0,0,0,0,0,0
80,CodeSmell_OriginalFiles/0x2c6c596cfd4c2c3b039db90fd3c8acb564e13251.sol,1,1,0,0,0,0,0
81,CodeSmell_OriginalFiles/0x2ce4f2b9b3261cd95229d80dfc785d2edb4cfd1a.sol,0,0,0,0,0,0,0
82,CodeSmell_OriginalFiles/0x2e2e617e4625c6a30a3290dde5b689212ff061e8.sol,0,0,0,0,0,0,0
83,CodeSmell_OriginalFiles/0x2eefe55e7fd4546ce3451430aa4fdced0c4efe85.sol,0,0,0,0,0,0,0
84,CodeSmell_OriginalFiles/0x30407ece7f4252a7e2d786207831561b33ec3f13.sol,0,0,0,0,0,0,0
85,CodeSmell_OriginalFiles/0x30758B708a2A31C3ab7dE6B8637adBed725e33aE.sol,0,0,0,0,0,0,1
86,CodeSmell_OriginalFiles/0x3076d20cef23cf934fc6f857eb97e2baa63fc9fb.sol,0,0,0,0,0,0,0
87,CodeSmell_OriginalFiles/0x30cc0e266cf33b8eac6a99cbd98e39b890cfd69b.sol,0,0,0,0,0,0,0
88,CodeSmell_OriginalFiles/0x30cefbcb5c26a5b19a019092ab8d09f8739c904f.sol,0,0,0,1,0,0,0
89,CodeSmell_OriginalFiles/0x311d745582a97be5d7abbce48855ecec72737c5d.sol,1,0,0,0,0,0,0
90,CodeSmell_OriginalFiles/0x320274f5dd332cc3b617b360e8554d95a0b96978.sol,1,0,0,0,0,0,0
91,CodeSmell_OriginalFiles/0x32bacc8b241fb172fee18bda32527126c6f3c5f7.sol,1,1,0,0,0,0,1
92,CodeSmell_OriginalFiles/0x3339ec512996fcdfacae2fbe941b6820f2c4e8b2.sol,0,1,0,1,0,0,0
93,CodeSmell_OriginalFiles/0x336db6c1ead9cc4d5b0a33ac03c057e20640126a.sol,0,1,0,0,0,0,0
94,CodeSmell_OriginalFiles/0x338649003ff30194be899100b67a00bbcd62af67.sol,0,0,0,0,0,0,0
95,CodeSmell_OriginalFiles/0x33a22bcafd6ef4e4a5e322f9a3910298a3c043a8.sol,0,0,0,0,0,0,1
96,CodeSmell_OriginalFiles/0x33a275B9cd129b34e5f0693D82d6d3Db26B0C3a0.sol,1,0,0,0,0,0,0
97,CodeSmell_OriginalFiles/0x33a4b06a3ecc62062ecf3646eff39f952c8fffc9.sol,0,0,0,0,0,0,1
98,CodeSmell_OriginalFiles/0x34f940a0311f6f6015fee8ddc1e2eb7985202690.sol,0,0,0,0,0,0,0
99,CodeSmell_OriginalFiles/0x357f07ac89ee6329a70ca837d6bfc16b0275015f.sol,1,1,0,0,0,0,0
100,CodeSmell_OriginalFiles/0x35a69642857083ba2f30bfab735dacc7f0bac969.sol,0,0,0,0,0,0,0
101,CodeSmell_OriginalFiles/0x35d82234a9f2cfe1dc2fb7665c785e1755cfd559.sol,0,1,0,0,0,0,1
102,CodeSmell_OriginalFiles/0x365267181bc0ef38bbb8d8ca9b330dc0c3ac01d1.sol,0,0,0,0,0,0,0
103,CodeSmell_OriginalFiles/0x371715dda4cf2b4ca22c5995da8a86bc7c21837e.sol,0,0,0,0,0,0,0
104,CodeSmell_OriginalFiles/0x3726cc0cdb26106bfb297ee6697da2a8687f385b.sol,0,1,0,0,0,0,0
105,CodeSmell_OriginalFiles/0x373c55c277b866a69dc047cad488154ab9759466.sol,1,0,0,0,0,0,1
106,CodeSmell_OriginalFiles/0x3774cc78af0bda8eacbdac6be5fb23261b8efaa7.sol,0,0,0,0,0,0,1
107,CodeSmell_OriginalFiles/0x37a5bb09f4d7613803f6bdd52d261c01ec2a7540.sol,0,0,0,0,0,0,1
108,CodeSmell_OriginalFiles/0x388a037ab169b128e70cf67e1228ecd03f0400f2.sol,0,0,0,0,0,0,0
109,CodeSmell_OriginalFiles/0x39139b54e733d01fd0b46fdb32cf45e08696541c.sol,0,0,0,0,0,0,0
110,CodeSmell_OriginalFiles/0x39173925e7c7a07dc7a6afbf1dffd0179de18c27.sol,0,0,0,0,0,0,0
111,CodeSmell_OriginalFiles/0x39df5af51c47256e5c63b3dae1a21f3da4a58e89.sol,1,0,0,0,0,0,0
112,CodeSmell_OriginalFiles/0x3aaa175924a77ee4b40606f714b727331e430ece.sol,1,1,0,0,0,0,0
113,CodeSmell_OriginalFiles/0x3ad158c1d0ba24eb86e4bc49a7944f08941ca7bc.sol,0,0,0,0,0,0,1
114,CodeSmell_OriginalFiles/0x3b5F11dBaC1476af17957C6e5991F21c826743dd.sol,0,0,0,0,0,0,1
115,CodeSmell_OriginalFiles/0x3b95e7496f55ecfd4d6db009879e3a8ce684940b.sol,0,0,0,0,0,0,0
116,CodeSmell_OriginalFiles/0x3bb62bada8f9921dcf0b1be5d2c972d69c064d84.sol,1,1,0,1,0,0,1
117,CodeSmell_OriginalFiles/0x3c7767011C443EfeF2187cf1F2a4c02062da3998.sol,0,1,0,1,0,0,0
118,CodeSmell_OriginalFiles/0x3cfc5c7fa8db91de8efd633998097f8e96eff043.sol,0,0,0,0,0,0,1
119,CodeSmell_OriginalFiles/0x3eb21f4678b352fcd8facf06b642c6720e04961b.sol,0,0,0,0,0,0,0
120,CodeSmell_OriginalFiles/0x3efb2bbdf798c5f9fe0dd932846fa1b031eac1fe.sol,0,0,0,0,0,0,0
121,CodeSmell_OriginalFiles/0x3f0a24a07b2d729a02640deb1d27cd00da72b799.sol,0,1,0,0,0,0,1
122,CodeSmell_OriginalFiles/0x402b92b00552409ed1ad83a74ff037ce1a3d7276.sol,1,1,0,0,0,0,0
123,CodeSmell_OriginalFiles/0x41ff0796a6c7a201476bff53c4cb2c48b084e5e0.sol,1,0,0,0,0,0,1
124,CodeSmell_OriginalFiles/0x4290563C2D7c255B5EEC87f2D3bD10389f991d68.sol,0,0,0,0,0,0,0
125,CodeSmell_OriginalFiles/0x4490f9807965c49a2471bd7b121a80f0b3861e5c.sol,0,0,0,0,0,0,0
126,CodeSmell_OriginalFiles/0x45aaf948ca47329f0059facb78806f1c63a3d197.sol,1,0,0,0,0,0,0
127,CodeSmell_OriginalFiles/0x45d147c800d401350b24fc1cd5fbc98040b177c8.sol,1,0,0,0,0,0,1
128,CodeSmell_OriginalFiles/0x472b76c61aa0eb8134a8eb1220c2598f33ce6b67.sol,0,0,0,0,0,0,0
129,CodeSmell_OriginalFiles/0x476c331d7f6569dc4bd16ef6673f7a89cd6f37c3.sol,0,1,0,0,0,0,0
130,CodeSmell_OriginalFiles/0x47d47c1f174bf9e7322974998e62968cec96257c.sol,0,1,0,0,0,0,0
131,CodeSmell_OriginalFiles/0x48EB12C0DDc5163E8693F3029A14440442Df2710.sol,0,0,0,0,0,0,0
132,CodeSmell_OriginalFiles/0x48d8f22d45e40F34cB7C10799F31246F134E9B7f.sol,1,0,0,0,0,0,0
133,CodeSmell_OriginalFiles/0x491559dd3dfdbca13edc74569e86c8a0d517975b.sol,1,0,0,1,0,0,0
134,CodeSmell_OriginalFiles/0x49516fe7bdc54b29a7f95ff55fdd38d9228e55af.sol,0,1,0,0,0,0,0
135,CodeSmell_OriginalFiles/0x49fddeae0b521dab8d0c4b77e7161094f971320d.sol,1,0,0,0,0,0,1
136,CodeSmell_OriginalFiles/0x4a412fe6e60949016457897f9170bb00078b89a3.sol,0,0,0,0,0,0,0
137,CodeSmell_OriginalFiles/0x4c1603e0834871ec3bab21d8db26de88db36bf9e.sol,0,0,0,0,0,0,1
138,CodeSmell_OriginalFiles/0x4d09c5e758ca68be27240f29fb681e5a5341ca98.sol,0,0,0,0,0,0,0
139,CodeSmell_OriginalFiles/0x4ddaf983302f451a5a6dc95af102335bf280d9a7.sol,0,0,0,0,0,0,0
140,CodeSmell_OriginalFiles/0x4e646a576917a6a47d5b0896c3e207693870869d.sol,1,0,0,0,0,0,1
141,CodeSmell_OriginalFiles/0x4f232a41b26bf07c37240f0cb3bde5727074a0f6.sol,0,0,0,0,0,0,0
142,CodeSmell_OriginalFiles/0x5019066b46ae4b8673085b609be366400f53871b.sol,1,0,0,1,0,0,0
143,CodeSmell_OriginalFiles/0x5052787b0B9cEC67442E2FF43D2176693377Bc5A.sol,0,1,0,0,0,0,0
144,CodeSmell_OriginalFiles/0x50fcf0396874f1d4a4d243e8bb4c370c97f119bf.sol,0,0,0,0,0,0,0
145,CodeSmell_OriginalFiles/0x51036b0029e95ecbce4784df0a87987d1092ec7d.sol,0,0,0,0,0,0,0
146,CodeSmell_OriginalFiles/0x52519fd6cb827ec77e961c76c9b326470703d0a8.sol,0,0,0,0,0,0,0
147,CodeSmell_OriginalFiles/0x525aEEf9Af9ae896179EE287e024a40cF5FC7655.sol,1,0,0,0,0,0,0
148,CodeSmell_OriginalFiles/0x52e34238bacb8730d4804637891c87656b5407d5.sol,0,1,0,0,0,0,0
149,CodeSmell_OriginalFiles/0x53570f9db0d81af09d9ef418e37e025668eed05f.sol,0,0,0,0,0,0,0
150,CodeSmell_OriginalFiles/0x535ab96be208f115302facee73ae976e9174ac0b.sol,0,1,0,0,0,0,1
151,CodeSmell_OriginalFiles/0x53a54c442583d2e844733f179d142c32f3c004b7.sol,1,0,0,0,0,0,0
152,CodeSmell_OriginalFiles/0x53e3a7ec57132173ce615debb9a303fd2cd86789.sol,0,1,0,0,0,0,0
153,CodeSmell_OriginalFiles/0x54186df214506ff5613196170d1bd576895193ab.sol,0,0,0,0,0,0,0
154,CodeSmell_OriginalFiles/0x55648de19836338549130b1af587f16bea46f66b.sol,0,0,0,0,0,0,0
155,CodeSmell_OriginalFiles/0x558c62533def5e9d77a7e555490c0E2889EaCF3A.sol,0,0,0,0,0,0,0
156,CodeSmell_OriginalFiles/0x55D5B8fE471cc4e19D7f0fc17D7a98c0C72A5688.sol,0,0,0,0,0,0,0
157,CodeSmell_OriginalFiles/0x575cb87ab3c2329a0248c7d70e0ead8e57f3e3f7.sol,1,1,0,0,0,0,0
158,CodeSmell_OriginalFiles/0x5783af06b94192a3f5f6610ecef477d033b70c74.sol,1,0,0,0,0,0,0
159,CodeSmell_OriginalFiles/0x580c1e3caca14826976b5820947f7ad486ac174d.sol,0,0,0,0,0,0,0
160,CodeSmell_OriginalFiles/0x5882D49d3511E09096CBbaB7E19fBFb82f65f28D.sol,0,0,0,0,0,0,0
161,CodeSmell_OriginalFiles/0x58e41735fa157a69ae9abf96321e890fb45f3dff.sol,0,0,0,0,0,0,1
162,CodeSmell_OriginalFiles/0x5ab14c104ba2771fd2a6ec6f616da1ad41d5b8a7.sol,0,0,0,0,0,0,0
163,CodeSmell_OriginalFiles/0x5b36208992284CEFA4de83F2Fb34B33D1A75d4B7.sol,1,0,0,0,0,0,0
164,CodeSmell_OriginalFiles/0x5b7ea49f9fa4cc48f6737b72bd36bb4b9732bb7d.sol,1,0,0,0,0,0,0
165,CodeSmell_OriginalFiles/0x5d356ebdaed2798547889ffa12fc587347e5ad89.sol,1,0,0,0,0,0,0
166,CodeSmell_OriginalFiles/0x5da6f5621c6f5c8b8f09e2a6d62a9ed544cbe37c.sol,0,0,0,0,0,0,0
167,CodeSmell_OriginalFiles/0x5fc6de61258e63706543bb57619b99cc0e5a5a1f.sol,0,0,0,0,0,0,0
168,CodeSmell_OriginalFiles/0x60a76ea79eBC7264F2897EE7FE4f33F31ef25A74.sol,0,0,0,0,0,0,0
169,CodeSmell_OriginalFiles/0x60e6b603b34b39ed22e95c10f360afde8a88d1e9.sol,0,0,0,0,0,0,0
170,CodeSmell_OriginalFiles/0x60ee1f74b96274a60b3dd5b92b35a49f86cfce80.sol,0,0,0,0,0,0,0
171,CodeSmell_OriginalFiles/0x611710ba93faf6d2964a94656771f76e6d05d5f0.sol,0,0,0,0,0,0,0
172,CodeSmell_OriginalFiles/0x615ed6779507f223d04722d43ccc0cd871964e2a.sol,0,1,0,0,0,0,1
173,CodeSmell_OriginalFiles/0x62451d37ca2ec1f0499996bc3c7e2baf258e9729.sol,0,1,0,1,0,0,0
174,CodeSmell_OriginalFiles/0x62c8b4ac2aef3ed13b929ca9fb20cacb222e3fa6.sol,0,0,0,0,0,0,0
175,CodeSmell_OriginalFiles/0x62e66080900fe39cd52bf5c0f8385b1339bedae5.sol,0,0,0,0,0,0,0
176,CodeSmell_OriginalFiles/0x631b4cea5064e2577cdb73c37ed2de00c30ee14a.sol,0,0,0,0,0,0,0
177,CodeSmell_OriginalFiles/0x635783f8dc5e941fc142235ea44cc3529c17695d.sol,0,0,0,0,0,0,0
178,CodeSmell_OriginalFiles/0x6425c6BE902d692AE2db752B3c268AFAdb099D3b.sol,0,0,0,0,0,0,0
179,CodeSmell_OriginalFiles/0x655C072286A8ab7B33B16Aa6908CFECDe39E57a1.sol,0,0,0,0,0,0,0
180,CodeSmell_OriginalFiles/0x66385555FC121D18Dc95eC3A8ECd51AB2B660dE5.sol,0,0,0,0,0,0,0
181,CodeSmell_OriginalFiles/0x66df48ba23c5e6cd5deb75f91bcc99030e2bf115.sol,0,0,0,0,0,0,1
182,CodeSmell_OriginalFiles/0x6822aaf4ab22e6cca8352a927b9ae0a8fdb58d9d.sol,1,0,0,0,0,0,0
183,CodeSmell_OriginalFiles/0x6DE3cC59152e19f108378984f45E20a34C9f6338.sol,1,0,0,0,0,0,0
184,CodeSmell_OriginalFiles/0x6abf810730a342add1374e11f3e97500ee774d1f.sol,1,1,0,0,0,0,0
185,CodeSmell_OriginalFiles/0x6b609d9095d069c805650234ab67595b3a6ab934.sol,1,0,0,0,0,0,0
186,CodeSmell_OriginalFiles/0x6c5208924c5b302f756a79776a8b2918a041ad4d.sol,0,0,0,0,0,0,0
187,CodeSmell_OriginalFiles/0x6c9e70d6682ea36ff340153d574b2c523671b107.sol,0,1,0,0,0,0,1
188,CodeSmell_OriginalFiles/0x6d5cac36c1ae39f41d52393b7a425d0a610ad9f2.sol,0,1,0,0,0,0,0
189,CodeSmell_OriginalFiles/0x6f4e647f553397dc999382ad3a9c5336c5de27aa.sol,0,0,0,0,0,0,1
190,CodeSmell_OriginalFiles/0x6f5C1Ed62A4fA41CFC332D81FAFd3CD38aaCBD85.sol,0,1,0,1,0,0,0
191,CodeSmell_OriginalFiles/0x6f6deb5db0c4994a8283a01d6cfeeb27fc3bbe9c.sol,0,0,0,1,0,0,0
192,CodeSmell_OriginalFiles/0x709c7134053510fce03b464982eab6e3d89728a5.sol,0,1,0,0,0,0,0
193,CodeSmell_OriginalFiles/0x728781e75735dc0962df3a51d7ef47e798a7107e.sol,1,0,0,0,0,0,0
194,CodeSmell_OriginalFiles/0x7352cb77c2478a59d21230a8d65146e04b59f58c.sol,1,1,0,0,0,0,1
195,CodeSmell_OriginalFiles/0x73dd069c299a5d691e9836243bcaec9c8c1d8734.sol,0,0,0,0,0,0,0
196,CodeSmell_OriginalFiles/0x747616c4a19bd9bf1e2b6c8a77d206ea1f9c6018.sol,0,1,0,0,0,0,0
197,CodeSmell_OriginalFiles/0x75009ba0e084973d9c42fa81862d7076fae4500d.sol,1,0,0,0,0,0,0
198,CodeSmell_OriginalFiles/0x759981e5af7661836d305f71779690808c1de51f.sol,0,0,0,0,0,0,0
199,CodeSmell_OriginalFiles/0x761d0ca58b3b34ccf4f66438f9d6378e2f063dce.sol,1,0,0,0,0,0,0
200,CodeSmell_OriginalFiles/0x787C2fFFB74F559219836a77FAd6181f808b6F73.sol,0,0,0,0,0,0,0
201,CodeSmell_OriginalFiles/0x78a73B6CBc5D183CE56e786f6e905CaDEC63547B.sol,1,1,0,1,0,0,0
202,CodeSmell_OriginalFiles/0x7a8bbfcccb6b80579d5965aa8d4a4b2294ac166e.sol,0,0,0,0,0,0,0
203,CodeSmell_OriginalFiles/0x7acbc0b5c51027dc659a19f257bb3e462309b626.sol,1,0,0,0,0,0,0
204,CodeSmell_OriginalFiles/0x7c32DB0645A259FaE61353c1f891151A2e7f8c1e.sol,0,1,0,0,0,0,0
205,CodeSmell_OriginalFiles/0x7c8b63c4cf7a6009e06dc78d9a8352cd0541556f.sol,0,1,0,1,0,0,0
206,CodeSmell_OriginalFiles/0x7da82c7ab4771ff031b66538d2fb9b0b047f6cf9.sol,0,0,0,0,0,0,1
207,CodeSmell_OriginalFiles/0x7da90089a73edd14c75b0c827cb54f4248d47ecc.sol,1,0,0,0,0,0,1
208,CodeSmell_OriginalFiles/0x7ee41a4c66e92fe28abd5bde30ad644a2dc8b15f.sol,0,1,0,1,0,0,0
209,CodeSmell_OriginalFiles/0x7f0c38d5e951c47d96d3ec96e3127c73ed4b278e.sol,0,0,0,0,0,0,0
210,CodeSmell_OriginalFiles/0x8015302bc5163b9fdaf03c1c952cbe5d21dc6d4b.sol,0,0,0,0,0,0,1
211,CodeSmell_OriginalFiles/0x80a92535c95d0e6cebece256df3c1b540c60dccb.sol,0,0,0,0,0,0,0
212,CodeSmell_OriginalFiles/0x827d41446a2cb012d3011b94f525d6c46b32866d.sol,0,0,0,0,0,0,0
213,CodeSmell_OriginalFiles/0x828bE8eA7bbbe246216e7017b35057F64cf6449a.sol,0,0,0,0,0,0,0
214,CodeSmell_OriginalFiles/0x833ede3050c27d88e5da6922a312e3fdc15be29b.sol,1,1,0,0,0,0,0
215,CodeSmell_OriginalFiles/0x836175e10c294d76fb44135d666b3eb76a62e0f0.sol,0,0,0,0,0,0,0
216,CodeSmell_OriginalFiles/0x83b7EEb4D6eC1289578186f1da64A876DC71FCbb.sol,0,1,0,0,0,0,1
217,CodeSmell_OriginalFiles/0x83c54a35e72ae07c46fc8f8f172a13ba19ac3bed.sol,0,1,0,0,0,0,1
218,CodeSmell_OriginalFiles/0x87d1ccf428832015d6108520d6d0909013753a62.sol,1,1,0,0,0,0,0
219,CodeSmell_OriginalFiles/0x89064da61e06c0e2035b5c8601c759ba60acb94d.sol,0,0,0,0,0,0,1
220,CodeSmell_OriginalFiles/0x895d55ce51760ca614b5b446a504c4a49e2d26e8.sol,0,0,0,0,0,0,0
221,CodeSmell_OriginalFiles/0x899f9a0440face1397a1ee1e3f6bf3580a6633d1.sol,0,0,0,0,0,0,0
222,CodeSmell_OriginalFiles/0x89c0afcd1bdbb91675b9fca14519738d5286b61e.sol,0,0,0,0,0,0,1
223,CodeSmell_OriginalFiles/0x8BF1E43e3Ca6f5c25C380803154aE687D682Ad32.sol,0,1,0,0,0,0,0
224,CodeSmell_OriginalFiles/0x8a8ca863f73992fcc43dd64c7261ba9dcc8e2181.sol,0,0,0,0,0,0,0
225,CodeSmell_OriginalFiles/0x8b34fbc553db3462ad4909f2e5577cc22f63c216.sol,1,1,0,1,0,0,0
226,CodeSmell_OriginalFiles/0x8b7d07b6ffB9364e97B89cEA8b84F94249bE459F.sol,0,1,0,0,0,0,0
227,CodeSmell_OriginalFiles/0x8c628caaff01b61140f5576292bf57154e119b0b.sol,0,0,0,0,0,0,0
228,CodeSmell_OriginalFiles/0x8cd8baa410e9172b949f2c4433d3b5905f8606ff.sol,0,1,0,0,0,0,1
229,CodeSmell_OriginalFiles/0x8d12a197cb00d4747a1fe03395095ce2a5cc6819.sol,1,0,0,0,0,0,1
230,CodeSmell_OriginalFiles/0x8d2AAE6a7EB63Ba89c36e82385f096d41074Cd87.sol,1,1,0,0,0,0,1
231,CodeSmell_OriginalFiles/0x8d44d6b4ea99c865df1545a2dcb3aa445ba484bc.sol,0,0,0,0,0,0,1
232,CodeSmell_OriginalFiles/0x8d80de8a78198396329dfa769ad54d24bf90e7aa.sol,1,1,0,0,0,0,1
233,CodeSmell_OriginalFiles/0x8eb24319393716668d768dcec29356ae9cffe285.sol,0,0,0,0,0,0,0
234,CodeSmell_OriginalFiles/0x8eee81d817c9548615d69c485074b55df487ab95.sol,0,0,0,0,0,0,0
235,CodeSmell_OriginalFiles/0x8f199d74d89b977d3f0684f0572bc66b16120ed8.sol,1,0,0,0,0,0,0
236,CodeSmell_OriginalFiles/0x8f1e7E18c96C4B75D12CBcA93613Dfebd16eb0E1.sol,0,0,0,0,0,0,0
237,CodeSmell_OriginalFiles/0x8ff920020c8ad673661c8117f2855c384758c572.sol,0,1,0,0,0,0,1
238,CodeSmell_OriginalFiles/0x901f47957338bf52b6a45ef67a3de09346c3fa29.sol,0,0,0,0,0,0,1
239,CodeSmell_OriginalFiles/0x904764ffe5A90F12282995b5674055c15093AEeA.sol,0,0,0,0,0,0,0
240,CodeSmell_OriginalFiles/0x91BD62e48282eA188998D04570eD8a3e237d3A6A.sol,0,0,0,0,0,0,1
241,CodeSmell_OriginalFiles/0x91a57b2f6fa86b373bce5716eb26c81cbb004223.sol,0,1,0,0,0,0,0
242,CodeSmell_OriginalFiles/0x92cB5F1FbabbcbDd891B9Cbd8E9a056c8c1eEbEF.sol,1,0,0,0,0,0,0
243,CodeSmell_OriginalFiles/0x93519cc1a51ac56cf2daa8aaafcd4073f49a19d8.sol,0,0,0,0,0,0,0
244,CodeSmell_OriginalFiles/0x93d812bf90a575d628e246b0966505a9e466f534.sol,1,0,0,0,0,0,0
245,CodeSmell_OriginalFiles/0x942ffef843d37805c59f30fabb99b46aad135288.sol,0,0,0,0,0,0,0
246,CodeSmell_OriginalFiles/0x94add786881a945e68f3dfd1478f586ba36769b5.sol,0,0,0,0,0,0,0
247,CodeSmell_OriginalFiles/0x97282A7a15f9bEaDC854E8793AAe43B089F14b4e.sol,1,1,0,0,0,0,1
248,CodeSmell_OriginalFiles/0x97ec9bfb0f6672c358620615a1e4de0348aea05c.sol,0,0,0,0,0,0,0
249,CodeSmell_OriginalFiles/0x98f62d8ad5a884c8bbcf262591dff55dab263b80.sol,0,0,0,0,0,0,0
250,CodeSmell_OriginalFiles/0x995020804986274763df9deb0296b754f2659ca1.sol,0,1,0,0,0,0,0
251,CodeSmell_OriginalFiles/0x99892ac6da1b3851167cb959fe945926bca89f09.sol,0,0,0,0,0,0,1
252,CodeSmell_OriginalFiles/0x9AcA6aBFe63A5ae0Dc6258cefB65207eC990Aa4D.sol,0,1,0,0,0,0,0
253,CodeSmell_OriginalFiles/0x9BD8f4736877567E267ee445209a0b2aAFc01402.sol,0,1,0,0,0,0,0
254,CodeSmell_OriginalFiles/0x9DA53246714bf10010Aee31ffDb9cf8caB8c6813.sol,0,0,0,0,0,0,0
255,CodeSmell_OriginalFiles/0x9EA80e204045329Ba752D03C395F82A12799f13d.sol,0,1,0,0,0,0,0
256,CodeSmell_OriginalFiles/0x9Ea7BA960A2668Df52eE0389C4617D48853b7006.sol,0,1,0,0,0,0,1
257,CodeSmell_OriginalFiles/0x9a4ee79ab5ef423162873d3df22047b392492e58.sol,0,0,0,0,0,0,0
258,CodeSmell_OriginalFiles/0x9ae98746EB8a0aeEe5fF2b6B15875313a986f103.sol,0,0,0,0,0,0,0
259,CodeSmell_OriginalFiles/0x9b0f6a5a667cb92af0cd15dbe90e764e32f69e77.sol,1,1,0,0,0,0,0
260,CodeSmell_OriginalFiles/0x9b2e81b42907e2bbd2bd76e36ba8ce1911db537e.sol,1,0,0,1,0,0,0
261,CodeSmell_OriginalFiles/0x9b6BAA7DE8751328E8e0a8b872Ff8d36539b313D.sol,1,0,0,0,0,0,0
262,CodeSmell_OriginalFiles/0x9b8c435196c8398ff021f375535cf04e3459b15c.sol,1,0,0,0,0,0,0
263,CodeSmell_OriginalFiles/0x9bbb9387c9e2477a6b5d81afece00255875c48ce.sol,1,0,0,0,0,0,1
264,CodeSmell_OriginalFiles/0x9c099997100fe55041b2028332A027ad7004AAc4.sol,1,1,0,0,0,0,0
265,CodeSmell_OriginalFiles/0x9ce6a4dbf61c13e23edf47b41e7a2ba9e525d765.sol,0,0,0,0,0,0,0
266,CodeSmell_OriginalFiles/0x9de550274af9c3d4d3e9713f828bd58bd5686b5a.sol,0,0,0,0,0,0,0
267,CodeSmell_OriginalFiles/0x9e46a38f5daabe8683e10793b06749eef7d733d1.sol,0,0,0,0,0,0,1
268,CodeSmell_OriginalFiles/0x9f00f10e226ec430e888d6311e3f65e62093a9ac.sol,0,0,0,0,0,0,0
269,CodeSmell_OriginalFiles/0xA5d1e58ECe1fC438d64E65769d2ab730143a4Caf.sol,0,0,0,0,0,0,0
270,CodeSmell_OriginalFiles/0xA97fF44CFf7101FaC76aF172F088f400F28cb4E9.sol,0,1,0,0,0,0,0
271,CodeSmell_OriginalFiles/0xACbfB851D69EF8Eca1453d82f38B590268ca46B1.sol,1,1,0,1,0,0,0
272,CodeSmell_OriginalFiles/0xAd1aA68300588Aa5842751DDCAb2AFd4a69e9016.sol,0,0,0,0,0,0,0
273,CodeSmell_OriginalFiles/0xB71Cd8f21D5C21edcd113CA2807189ddcAf9DD44.sol,0,1,0,0,0,0,0
274,CodeSmell_OriginalFiles/0xC16b542ff490e01fcc0DC58a60e1EFdc3e357cA6.sol,0,1,0,0,0,0,0
275,CodeSmell_OriginalFiles/0xD0B56cbCD938AEAfb41915C09594eE88F3c5C41b.sol,0,0,0,0,0,0,0
276,CodeSmell_OriginalFiles/0xD9BaBaf28e492F90dC900506B28834316eDed9e6.sol,0,0,0,0,0,0,0
277,CodeSmell_OriginalFiles/0xDD9aE24a9E442Fd7af6Cd321400Cc8243458924F.sol,0,0,0,0,0,0,0
278,CodeSmell_OriginalFiles/0xDfC328c19C8De45ac0117f836646378c10e0CdA3.sol,1,0,0,0,0,0,1
279,CodeSmell_OriginalFiles/0xE05CeDD2838E4e1d99B539D8C768D6EF2a10F729.sol,1,1,0,0,0,0,0
280,CodeSmell_OriginalFiles/0xE5a04D98538231b0fAb9ABa60cd73cE4fF3039DF.sol,1,0,0,0,0,0,0
281,CodeSmell_OriginalFiles/0xE691b7FF3c9fdDB8C2437412208EE4816ABa7258.sol,0,1,0,0,0,0,0
282,CodeSmell_OriginalFiles/0xF05EbadcF22b4dfd49d7f3AB59fd22C9fC49AF6F.sol,0,0,0,0,0,0,0
283,CodeSmell_OriginalFiles/0xa01d9BAfA60fbd1967bacF74B76c7e464d0F7c92.sol,0,0,0,0,0,0,0
284,CodeSmell_OriginalFiles/0xa14c275277b788c20534066335e8bd3de77ffde4.sol,1,1,0,0,0,0,0
285,CodeSmell_OriginalFiles/0xa1877c74562821ff59ffc0bc999e6a2e164f4d87.sol,1,1,0,1,0,0,0
286,CodeSmell_OriginalFiles/0xa1c957c0210397d2d0296341627b74411756d476.sol,1,1,0,0,0,0,0
287,CodeSmell_OriginalFiles/0xa2eb247c2bebbd233b455a6c798ceba81e3aa320.sol,0,0,0,0,0,0,0
288,CodeSmell_OriginalFiles/0xa33c4a314faa9684eeffa6ba334688001ea99bbc.sol,0,0,0,0,0,0,0
289,CodeSmell_OriginalFiles/0xa35e3e419ae0031460af1e7a1386cb8f0d7d0efb.sol,0,0,0,0,0,0,0
290,CodeSmell_OriginalFiles/0xa37adde3ba20a396338364e2ddb5e0897d11a91d.sol,0,0,0,0,0,0,0
291,CodeSmell_OriginalFiles/0xa42004629c80aa5f56186379c1185fbec0f65bf7.sol,0,0,0,0,0,0,0
292,CodeSmell_OriginalFiles/0xa549ef3164556b3fdba16680798032b993c2325b.sol,0,0,0,0,0,0,0
293,CodeSmell_OriginalFiles/0xa578acc0cb7875781b7880903f4594d13cfa8b98.sol,0,0,0,0,0,0,0
294,CodeSmell_OriginalFiles/0xa646e29877d52b9e2de457eca09c724ff16d0a2b.sol,0,1,0,0,0,0,1
295,CodeSmell_OriginalFiles/0xa6a180ce6432a356fb15ede85f63e1e6ffd7afeb.sol,0,0,0,0,0,0,1
296,CodeSmell_OriginalFiles/0xa723606e907bf84215d5785ea7f6cd93a0fbd121.sol,0,1,0,0,0,0,1
297,CodeSmell_OriginalFiles/0xa7f598984f6a77da416efaaf6ff18f5f7b9eeab2.sol,0,1,0,0,0,0,0
298,CodeSmell_OriginalFiles/0xa7fa7588cd7ebf3d0e128f07da7406dd74e241df.sol,0,0,0,0,0,0,0
299,CodeSmell_OriginalFiles/0xa87c3ec87eb802aad080df0adb331e504d327e5d.sol,0,0,0,0,0,0,0
300,CodeSmell_OriginalFiles/0xa8a4ff10d75a82aa8cd1055d30a66c925dc5b2fe.sol,1,0,0,0,0,0,0
301,CodeSmell_OriginalFiles/0xa9ad24633c93ee78f4c2bf9b3e9128cbc0269717.sol,0,0,0,0,0,0,0
302,CodeSmell_OriginalFiles/0xaa6e94908c4b2d020ef5f92bca529db958df106f.sol,1,0,0,0,0,0,0
303,CodeSmell_OriginalFiles/0xaac8253a42c213b6a9cdf4f25cd5de29d09b96f9.sol,0,0,0,0,0,0,0
304,CodeSmell_OriginalFiles/0xace518c4cb2b823c2ab2b12c709e71e11cfb8896.sol,0,1,0,1,0,0,0
305,CodeSmell_OriginalFiles/0xad1ff4873633c9248130fbfe28d17e1bd5467cc4.sol,0,0,0,0,0,0,0
306,CodeSmell_OriginalFiles/0xadaac4cb430f4f4aa0d60741bc263f3dfec0790a.sol,0,1,0,0,0,0,0
307,CodeSmell_OriginalFiles/0xadb41fcd3df9ff681680203a074271d3b3dae526.sol,1,0,0,0,0,0,0
308,CodeSmell_OriginalFiles/0xae53aaff39f07cb48386ef33bc5fc72cc55d6f1c.sol,0,0,0,0,0,0,0
309,CodeSmell_OriginalFiles/0xaf7aea249098f2c2f50cc11d4000ccf798194373.sol,1,1,0,0,0,0,0
310,CodeSmell_OriginalFiles/0xb00b5f9a21b79901d687d6d952319af767a116ca.sol,0,0,0,0,0,0,0
311,CodeSmell_OriginalFiles/0xb0bef286a13457b963c710fa7765961d09a27c63.sol,0,1,0,0,0,0,0
312,CodeSmell_OriginalFiles/0xb104df39250112eda59b27f5db7013c7ee132d50.sol,1,1,0,0,0,0,0
313,CodeSmell_OriginalFiles/0xb1690c08e213a35ed9bab7b318de14420fb57d8c.sol,1,1,0,0,0,0,0
314,CodeSmell_OriginalFiles/0xb28a3dd24036151c819c6d401f7a222d9aa3671b.sol,0,0,0,1,0,0,0
315,CodeSmell_OriginalFiles/0xb375d24ffc46885c3bdd5ed275a248efe76a25c9.sol,0,0,0,0,0,0,0
316,CodeSmell_OriginalFiles/0xb3775fb83f7d12a36e0475abdd1fca35c091efbe.sol,0,1,0,0,0,0,0
317,CodeSmell_OriginalFiles/0xb3aac808b10eb65b74b59deb4f1998b52327bd1a.sol,1,0,0,1,0,0,0
318,CodeSmell_OriginalFiles/0xb3b33f59174f2ef62167770e4c9cabaa3879eb5d.sol,1,0,0,0,0,0,0
319,CodeSmell_OriginalFiles/0xb47e3cd837dDF8e4c57F05d70Ab865de6e193BBB.sol,0,1,0,0,0,0,0
320,CodeSmell_OriginalFiles/0xb53613FA4ad09f00e41A91B7dFdfa3E98c76F4c0.sol,0,0,0,0,0,0,0
321,CodeSmell_OriginalFiles/0xb5fbae0361855617c58ef95a186889f0122e6642.sol,0,1,0,0,0,0,1
322,CodeSmell_OriginalFiles/0xb694a9ee2eed5dc6d58599a25874abda504fa60a.sol,1,0,0,1,0,0,0
323,CodeSmell_OriginalFiles/0xb77fd7187f7d4ba1f90a924c9d4264d4c458e5b3.sol,0,0,0,0,0,0,0
324,CodeSmell_OriginalFiles/0xb8bf73550f251562d308882e032225a700a7b9bc.sol,1,1,0,1,0,0,0
325,CodeSmell_OriginalFiles/0xbF29685856FAE1e228878DFB35B280C0adCC3B05.sol,1,0,0,0,0,0,1
326,CodeSmell_OriginalFiles/0xba2184520a1cc49a6159c57e61e1844e085615b6.sol,1,1,0,1,0,0,0
327,CodeSmell_OriginalFiles/0xbaaffc2f4074863bf0ced1dc61e5410fad075cec.sol,0,0,0,0,0,0,0
328,CodeSmell_OriginalFiles/0xbad9b65cfb0c2e89bc9543b86849780baa52c605.sol,0,0,0,0,0,0,0
329,CodeSmell_OriginalFiles/0xbbc5d510bab53b2199fb17fe1d896eb78911e103.sol,1,0,0,0,0,0,0
330,CodeSmell_OriginalFiles/0xbc1aB7F58a95cf307Ba5Ee18CF06b7eD0120da7a.sol,0,1,0,1,0,0,1
331,CodeSmell_OriginalFiles/0xbd2ed3e85faa3433c068c7b3f9c8c7d839ce88d7.sol,0,0,0,0,0,0,0
332,CodeSmell_OriginalFiles/0xbd6bfb97124bce7cab703e6aa6968706c5f0feea.sol,1,0,0,0,0,0,1
333,CodeSmell_OriginalFiles/0xc00061de5d47f802daaf0de1498c9680732861c3.sol,0,0,0,0,0,0,0
334,CodeSmell_OriginalFiles/0xc02aaa39b223fe8d0a0e5c4f27ead9083c756cc2.sol,0,0,0,0,0,0,0
335,CodeSmell_OriginalFiles/0xc03281af336e2c25b41ff893a0e6ce1a932b23af.sol,0,1,0,0,0,0,1
336,CodeSmell_OriginalFiles/0xc0829421c1d260bd3cb3e0f06cfe2d52db2ce315.sol,0,0,0,0,0,0,0
337,CodeSmell_OriginalFiles/0xc23f76aea00b775aadc8504ccb22468f4fd2261a.sol,0,1,0,1,0,0,1
338,CodeSmell_OriginalFiles/0xc2de2ce66f1f16c09e6a2c9595ac878db4113a88.sol,0,0,0,0,0,0,0
339,CodeSmell_OriginalFiles/0xc3142db870ce470122f7d2d4d8d76ae5dda51dda.sol,0,0,0,0,0,0,0
340,CodeSmell_OriginalFiles/0xc3ef562cc403c8f9edf7c3826655fbf50f4ddde8.sol,0,0,0,0,0,0,0
341,CodeSmell_OriginalFiles/0xc4d3abd6007e7475655a463f8aa01d4cca033991.sol,0,0,0,0,0,0,0
342,CodeSmell_OriginalFiles/0xc5cdcd5470aef35fc33bddff3f8ecec027f95b1d.sol,0,1,0,0,0,0,1
343,CodeSmell_OriginalFiles/0xc67c1f88f31e724b137a057292e55cb42a5f3241.sol,1,1,0,0,0,0,0
344,CodeSmell_OriginalFiles/0xc68d1fc21e05d135eaf640aae84a2a9dada69672.sol,0,0,0,0,0,0,0
345,CodeSmell_OriginalFiles/0xc6e095f5fB53339D8F4C7f576ccD37bE05E5B67E.sol,0,0,0,0,0,0,0
346,CodeSmell_OriginalFiles/0xc70afb5612b16d36d2204052f81932064fd084c5.sol,1,1,0,0,0,0,0
347,CodeSmell_OriginalFiles/0xc7d784274aaa0010f0c3dedd10eb66d49b7e4098.sol,1,0,0,0,0,0,1
348,CodeSmell_OriginalFiles/0xc83355ef25a104938275b46cffd94bf9917d0691.sol,0,1,0,0,0,0,0
349,CodeSmell_OriginalFiles/0xc8d464c9906eb7a81a62f5ff658d7e4e68a8486b.sol,0,0,0,0,0,0,1
350,CodeSmell_OriginalFiles/0xca6bea8e144b0a6aebbb412e6ad0e7ff1959235e.sol,0,1,0,0,0,0,0
351,CodeSmell_OriginalFiles/0xcaef67f72114b4d2b4f43e7407455285b7de8de5.sol,1,1,0,0,0,0,0
352,CodeSmell_OriginalFiles/0xcc5f26bf69b259b495a15427384e7f9668917d56.sol,1,1,0,0,0,0,0
353,CodeSmell_OriginalFiles/0xcc89405e3cfd38412093840a3ac2f851dd395dfb.sol,1,1,0,0,0,0,0
354,CodeSmell_OriginalFiles/0xcce9fd6aea9fc618b98198b13599d2a0419534bb.sol,0,0,0,0,0,0,0
355,CodeSmell_OriginalFiles/0xccf09a5a9449b8d39e27f7fcffbb1a30ec29c8db.sol,1,1,0,0,0,0,0
356,CodeSmell_OriginalFiles/0xcd806502ad2f9aeb32e23f8d647341d4b568201d.sol,1,1,0,0,0,0,0
357,CodeSmell_OriginalFiles/0xcdb7ecfd3403eef3882c65b761ef9b5054890a47.sol,0,0,0,0,0,0,0
358,CodeSmell_OriginalFiles/0xce2095197142a6972256d70fe4ba024f2c7a7d96.sol,0,0,0,0,0,0,0
359,CodeSmell_OriginalFiles/0xce6c1005bf05b370af93c1f70d7798aa08c0b6d6.sol,0,0,0,0,0,0,0
360,CodeSmell_OriginalFiles/0xcfaafdd4ec90985108c3f4847b14e7c733eaf575.sol,1,1,0,0,0,0,0
361,CodeSmell_OriginalFiles/0xd20e5bab91720217637847365bf5932fe85f6fd3.sol,0,0,0,0,0,0,0
362,CodeSmell_OriginalFiles/0xd32c26B14030c724c0118576308Ea2fB3300D10f.sol,0,0,0,0,0,0,0
363,CodeSmell_OriginalFiles/0xd3d20f3f0ededb2a1503dc8858c7c6f37c2b22cf.sol,0,0,0,0,0,0,0
364,CodeSmell_OriginalFiles/0xd566fa4a696eac66f749f7fe999d6673fee2026c.sol,0,0,0,0,0,0,0
365,CodeSmell_OriginalFiles/0xd58297b5e0ad69f6ba949fdde9da0f2b978f00a0.sol,0,0,0,0,0,0,0
366,CodeSmell_OriginalFiles/0xd5abcc4c80fd01d8822f35f379fbcebf7a8b8679.sol,0,1,0,1,0,0,0
367,CodeSmell_OriginalFiles/0xd6A755BCe1844Ad6b7681118b18f54D63E5C13F9.sol,0,0,0,0,0,0,0
368,CodeSmell_OriginalFiles/0xd76b5c2a23ef78368d8e34288b5b65d616b746ae.sol,0,0,0,0,0,0,0
369,CodeSmell_OriginalFiles/0xd7784ddb103479ee3094c7816dd7918e1ae3997f.sol,0,0,0,0,0,0,0
370,CodeSmell_OriginalFiles/0xd77fc35cc9007557dcd18bfe26fe66f1ea3a0e7f.sol,1,1,0,1,0,0,0
371,CodeSmell_OriginalFiles/0xd780ae2bf04cd96e577d3d014762f831d97129d0.sol,1,1,0,0,0,0,0
372,CodeSmell_OriginalFiles/0xd7bc93f391e94557fa621711699d1a5fd38d5ad5.sol,1,0,0,0,0,0,0
373,CodeSmell_OriginalFiles/0xd7e4ad7c318ffbafbf602e32e089e7e2326a2581.sol,1,0,0,0,0,0,1
374,CodeSmell_OriginalFiles/0xd8e396e67650e72eefa281efc86738eb3e2c7400.sol,0,0,0,0,0,0,0
375,CodeSmell_OriginalFiles/0xd9489f5a7c4420e814f6216505b6754ebd4213f7.sol,1,0,0,1,0,0,1
376,CodeSmell_OriginalFiles/0xd96e8733dfd61fd37936450ea17176288c09a2a9.sol,0,0,0,0,0,0,1
377,CodeSmell_OriginalFiles/0xd9e21e7fbbc85d05165b9691abc279249de1a658.sol,0,0,0,0,0,0,1
378,CodeSmell_OriginalFiles/0xdD1AcE2f45962e4C1297c784009478865e3B13bE.sol,0,0,0,0,0,0,0
379,CodeSmell_OriginalFiles/0xdaab8a09aed3b98df4fffef85e78cd6f513de7d0.sol,0,0,0,0,0,0,0
380,CodeSmell_OriginalFiles/0xdb2Ae021F1EEa3c9ad25cd49aDDe23bB788D3D9D.sol,0,0,0,0,0,0,0
381,CodeSmell_OriginalFiles/0xdc448e8a2a92a5ce799b197e982d773c605318a4.sol,0,0,0,0,0,0,0
382,CodeSmell_OriginalFiles/0xdd5a3aeef473401c23f24c4c6b9cd1b0808fbb36.sol,0,0,0,0,0,0,0
383,CodeSmell_OriginalFiles/0xdd98b423dc61a756e1070de151b1485425505954.sol,1,0,0,0,0,0,1
384,CodeSmell_OriginalFiles/0xddf0d0b9914d530e0b743808249d9af901f1bd01.sol,1,1,0,0,0,0,1
385,CodeSmell_OriginalFiles/0xdf6164efd12678bf6a7d5a1ddf73c831493f6574.sol,0,0,0,0,0,0,0
386,CodeSmell_OriginalFiles/0xe0efd668c950e6d286bc1c5b9304f31632708656.sol,0,0,0,0,0,0,0
387,CodeSmell_OriginalFiles/0xe1df194ae7366876e91a0999e29530719452e558.sol,0,0,0,0,0,0,1
388,CodeSmell_OriginalFiles/0xe1f243a9abfeef646be6bef7b8c2018276574294.sol,1,1,0,0,0,0,0
389,CodeSmell_OriginalFiles/0xe23266201b2ad708cf9916240783ebe0405b3881.sol,0,0,0,0,0,0,1
390,CodeSmell_OriginalFiles/0xe2d82dc7da0e6f882e96846451f4fabcc8f90528.sol,0,0,0,0,0,0,0
391,CodeSmell_OriginalFiles/0xe2e5d0e1422e927abab19ad2067f802ad07fb364.sol,0,0,0,0,0,0,0
392,CodeSmell_OriginalFiles/0xe43f953a39a4681ac36f72977ec6998adc3d9f6a.sol,0,1,0,0,0,0,0
393,CodeSmell_OriginalFiles/0xe4ba27aebaa3d09b2ac68b0c070a4d37ccc65cb7.sol,0,0,0,0,0,0,0
394,CodeSmell_OriginalFiles/0xe4fb506f5e6d8c68e71cb9f7cc2fde4c059d3925.sol,0,1,0,0,0,0,0
395,CodeSmell_OriginalFiles/0xe531642e9bb5d027e9c20e03284287b97919a9a5.sol,0,0,0,0,0,0,0
396,CodeSmell_OriginalFiles/0xe642b6f79041c60d8447679b3a499f18d8b03b81.sol,1,0,0,0,0,0,1
397,CodeSmell_OriginalFiles/0xe64d5f33e28387855d33980719f27f0d579392af.sol,1,1,0,0,0,0,0
398,CodeSmell_OriginalFiles/0xe6517b766e6ee07f91b517435ed855926bcb1aae.sol,1,1,0,0,0,0,1
399,CodeSmell_OriginalFiles/0xe752483412490481d193194d293db5cd0ed054a8.sol,0,0,0,0,0,0,0
400,CodeSmell_OriginalFiles/0xe758421818E3FC974730292C0704F7b77DaA791c.sol,0,0,0,0,0,0,0
401,CodeSmell_OriginalFiles/0xe782146478f5d9f3ecc77a77c429f2941dced0f3.sol,0,0,0,0,0,0,1
402,CodeSmell_OriginalFiles/0xe7dc501cb9ca414cf9211af214d5065ca3a30768.sol,1,0,0,0,0,0,1
403,CodeSmell_OriginalFiles/0xe8a51be86ad96447d45ddeddc55013f25157688c.sol,1,0,0,0,0,0,1
404,CodeSmell_OriginalFiles/0xe9ef26c4e9761e2305f455a0e0d4cd286e2d13a1.sol,1,1,0,1,0,0,0
405,CodeSmell_OriginalFiles/0xea3be67a30325e665a86ea4149c781b20a81e07f.sol,0,1,0,0,0,0,0
406,CodeSmell_OriginalFiles/0xea450e48e8d0da4332516a12c63c2232450caf6a.sol,1,0,0,0,0,0,0
407,CodeSmell_OriginalFiles/0xea88C23690b9F12ac6941E8a229aa4f94C72B8Db.sol,1,1,0,0,0,0,1
408,CodeSmell_OriginalFiles/0xeb6e4fad04c68a2dd22c0a6acb1010c763c5ced8.sol,0,0,0,0,0,0,1
409,CodeSmell_OriginalFiles/0xed1a5a5a71859c5eab160d4c9e1eb0d185f925e3.sol,0,0,0,0,0,0,0
410,CodeSmell_OriginalFiles/0xed574d920a0c152ca136717c79a352b83f3bb058.sol,0,0,0,0,0,0,0
411,CodeSmell_OriginalFiles/0xed667323cf62f4bbb62ec22038e34ed27e02a360.sol,0,0,0,0,0,0,1
412,CodeSmell_OriginalFiles/0xed7da010027967365e0a7c370c1dde2f9fe4477f.sol,0,0,0,0,0,0,0
413,CodeSmell_OriginalFiles/0xee4e09a72c5f8d60ce09b4b90dd1ee680fc375fe.sol,0,0,0,0,0,0,0
414,CodeSmell_OriginalFiles/0xf0300337E920aE843040A71584f870aE719bf5eD.sol,1,1,0,1,0,0,0
415,CodeSmell_OriginalFiles/0xf0a924661b0263e5ce12756d07f45b8668c53380.sol,1,0,0,0,0,0,0
416,CodeSmell_OriginalFiles/0xf1a35ded3f2f48d2a036f4ef586b725ceb0dddeb.sol,0,0,0,0,0,0,1
417,CodeSmell_OriginalFiles/0xf1ed1fdb9f35ec6758262b4f0683d60f799bf8b6.sol,0,0,0,0,0,0,1
418,CodeSmell_OriginalFiles/0xf300cc72613d575a4567405c2a07d2aaf182aebf.sol,0,0,0,0,0,0,0
419,CodeSmell_OriginalFiles/0xf31619a15518dce0613a514e6672d1f84f6e7fe7.sol,1,1,0,0,0,0,0
420,CodeSmell_OriginalFiles/0xf39C702594792B91aec6d881C9e6ebD2022A2271.sol,0,0,0,0,0,0,0
421,CodeSmell_OriginalFiles/0xf48d72e5a2419c0c6f5822854b7bb7bf135d1623.sol,0,0,0,0,0,0,0
422,CodeSmell_OriginalFiles/0xf5056ed34e0c233f5a37b830533610a853296388.sol,0,0,0,0,0,0,0
423,CodeSmell_OriginalFiles/0xf603c4161c388b77249486f9cb6f1741abda6a9b.sol,0,0,0,0,0,0,0
424,CodeSmell_OriginalFiles/0xf665069a0ee102ceadbd80690814473dbdd56ac8.sol,0,0,0,0,0,0,0
425,CodeSmell_OriginalFiles/0xf69cD472e4EfB38aa320470422C133Ff546B16CC.sol,0,0,0,0,0,0,0
426,CodeSmell_OriginalFiles/0xf7bc84a0e505cd424ce7706a67046271ace20ec8.sol,0,0,0,0,0,0,0
427,CodeSmell_OriginalFiles/0xfaaad14ff8d00e28959094dd8cf90b6dcd7f5a3e.sol,0,0,0,0,0,0,1
428,CodeSmell_OriginalFiles/0xfb2a61c6da801aca637e0a8fb459ce22f5c241f9.sol,0,0,0,0,0,0,0
429,CodeSmell_OriginalFiles/0xfb950d858dab0594f4cffb77201215ee46d8b304.sol,0,0,0,0,0,0,0
430,CodeSmell_OriginalFiles/0xfc5c6c8015962e7035f3bdc5fe7ec94bedc77833.sol,0,1,0,0,0,0,1
431,CodeSmell_OriginalFiles/0xfc668AE14b0F7702c04b105448fE733D96C558DF.sol,1,0,0,0,0,0,0
432,CodeSmell_OriginalFiles/0xfcc5b18f1f51956e0abb411e7b86c76586ab4ef9.sol,1,0,0,0,0,0,0
433,CodeSmell_OriginalFiles/0xfd26d4fedea09da1bb2c4e410c747dda72fdb506.sol,0,1,0,1,0,0,0
434,CodeSmell_OriginalFiles/0xfd743691ac893000f29c893ba21ed46f465c4de4.sol,0,1,0,0,0,0,0
435,CodeSmell_OriginalFiles/0xfdf4411669fc6e8951a6ae987307d7582fda7a05.sol,0,1,0,0,0,0,0
436,CodeSmell_OriginalFiles/0xfe211f86be5de898c9ebffe2c2b1d49ee8460b7f.sol,0,0,0,0,0,0,1
437,CodeSmell_OriginalFiles/0xfea61dbc3b9882efcd139a5e28b32234b9c76aea.sol,1,1,0,0,0,1,0
438,CodeSmell_OriginalFiles/1/0x5ab14c104ba2771fd2a6ec6f616da1ad41d5b8a7.sol,0,0,0,0,0,0,0
439,CodeSmell_OriginalFiles/1/0x5b36208992284CEFA4de83F2Fb34B33D1A75d4B7.sol,0,0,0,0,0,0,0
440,CodeSmell_OriginalFiles/1/0x5b7ea49f9fa4cc48f6737b72bd36bb4b9732bb7d.sol,0,0,0,0,0,0,0
441,CodeSmell_OriginalFiles/1/0x5d356ebdaed2798547889ffa12fc587347e5ad89.sol,0,0,0,0,0,0,0
442,CodeSmell_OriginalFiles/1/0x5da6f5621c6f5c8b8f09e2a6d62a9ed544cbe37c.sol,0,0,0,0,0,0,0
443,CodeSmell_OriginalFiles/1/0x5fc6de61258e63706543bb57619b99cc0e5a5a1f.sol,0,0,0,0,0,0,0
444,CodeSmell_OriginalFiles/1/0x6DE3cC59152e19f108378984f45E20a34C9f6338.sol,0,0,0,0,0,0,0
445,CodeSmell_OriginalFiles/1/0x6abf810730a342add1374e11f3e97500ee774d1f.sol,1,1,0,0,1,0,0
446,CodeSmell_OriginalFiles/1/0x6b609d9095d069c805650234ab67595b3a6ab934.sol,1,1,0,0,1,1,0
447,CodeSmell_OriginalFiles/1/0x6c5208924c5b302f756a79776a8b2918a041ad4d.sol,1,1,0,0,0,0,0
448,CodeSmell_OriginalFiles/1/0x6c9e70d6682ea36ff340153d574b2c523671b107.sol,0,0,0,0,0,0,0
449,CodeSmell_OriginalFiles/1/0x6d5cac36c1ae39f41d52393b7a425d0a610ad9f2.sol,0,0,0,0,0,0,0
450,CodeSmell_OriginalFiles/1/0x6f4e647f553397dc999382ad3a9c5336c5de27aa.sol,1,0,0,0,0,0,0
451,CodeSmell_OriginalFiles/1/0x6f5C1Ed62A4fA41CFC332D81FAFd3CD38aaCBD85.sol,1,0,0,0,1,0,0
452,CodeSmell_OriginalFiles/1/0x6f6deb5db0c4994a8283a01d6cfeeb27fc3bbe9c.sol,0,0,0,0,0,0,0
453,CodeSmell_OriginalFiles/1/0x7a8bbfcccb6b80579d5965aa8d4a4b2294ac166e.sol,1,0,0,0,0,0,0
454,CodeSmell_OriginalFiles/1/0x7acbc0b5c51027dc659a19f257bb3e462309b626.sol,1,1,0,0,0,0,0
455,CodeSmell_OriginalFiles/1/0x7c32DB0645A259FaE61353c1f891151A2e7f8c1e.sol,0,0,0,0,0,0,0
456,CodeSmell_OriginalFiles/1/0x7c8b63c4cf7a6009e06dc78d9a8352cd0541556f.sol,0,0,0,0,0,0,0
457,CodeSmell_OriginalFiles/1/0x7da82c7ab4771ff031b66538d2fb9b0b047f6cf9.sol,0,0,0,0,0,0,0
458,CodeSmell_OriginalFiles/1/0x7da90089a73edd14c75b0c827cb54f4248d47ecc.sol,0,0,0,0,0,0,0
459,CodeSmell_OriginalFiles/1/0x7ee41a4c66e92fe28abd5bde30ad644a2dc8b15f.sol,0,1,0,0,0,0,0
460,CodeSmell_OriginalFiles/1/0x7f0c38d5e951c47d96d3ec96e3127c73ed4b278e.sol,0,0,0,0,0,0,0
461,CodeSmell_OriginalFiles/1/0x8BF1E43e3Ca6f5c25C380803154aE687D682Ad32.sol,0,0,0,0,0,0,0
462,CodeSmell_OriginalFiles/1/0x8a8ca863f73992fcc43dd64c7261ba9dcc8e2181.sol,0,0,0,0,0,0,0
463,CodeSmell_OriginalFiles/1/0x8b34fbc553db3462ad4909f2e5577cc22f63c216.sol,1,1,0,0,1,0,0
464,CodeSmell_OriginalFiles/1/0x8b7d07b6ffB9364e97B89cEA8b84F94249bE459F.sol,0,0,0,0,0,0,0
465,CodeSmell_OriginalFiles/1/0x8c628caaff01b61140f5576292bf57154e119b0b.sol,0,0,0,0,0,0,0
466,CodeSmell_OriginalFiles/1/0x8cd8baa410e9172b949f2c4433d3b5905f8606ff.sol,0,0,0,0,0,0,0
467,CodeSmell_OriginalFiles/1/0x8d12a197cb00d4747a1fe03395095ce2a5cc6819.sol,0,0,0,0,0,0,0
468,CodeSmell_OriginalFiles/1/0x8d2AAE6a7EB63Ba89c36e82385f096d41074Cd87.sol,0,0,0,0,0,0,0
469,CodeSmell_OriginalFiles/1/0x8d44d6b4ea99c865df1545a2dcb3aa445ba484bc.sol,0,0,0,0,0,0,0
470,CodeSmell_OriginalFiles/1/0x8d80de8a78198396329dfa769ad54d24bf90e7aa.sol,0,0,0,0,0,0,0
471,CodeSmell_OriginalFiles/1/0x8eb24319393716668d768dcec29356ae9cffe285.sol,0,0,0,0,0,0,0
472,CodeSmell_OriginalFiles/1/0x8eee81d817c9548615d69c485074b55df487ab95.sol,0,0,0,0,0,0,0
473,CodeSmell_OriginalFiles/1/0x8f199d74d89b977d3f0684f0572bc66b16120ed8.sol,0,0,0,0,0,0,0
474,CodeSmell_OriginalFiles/1/0x8f1e7E18c96C4B75D12CBcA93613Dfebd16eb0E1.sol,0,0,0,0,0,0,0
475,CodeSmell_OriginalFiles/1/0x8ff920020c8ad673661c8117f2855c384758c572.sol,0,0,0,0,0,0,0
476,CodeSmell_OriginalFiles/1/0x9AcA6aBFe63A5ae0Dc6258cefB65207eC990Aa4D.sol,0,0,0,0,0,0,0
477,CodeSmell_OriginalFiles/1/0x9BD8f4736877567E267ee445209a0b2aAFc01402.sol,0,0,0,0,0,0,0
478,CodeSmell_OriginalFiles/1/0x9DA53246714bf10010Aee31ffDb9cf8caB8c6813.sol,0,0,0,0,1,0,0
479,CodeSmell_OriginalFiles/1/0x9EA80e204045329Ba752D03C395F82A12799f13d.sol,0,0,0,0,0,0,0
480,CodeSmell_OriginalFiles/1/0x9Ea7BA960A2668Df52eE0389C4617D48853b7006.sol,0,0,0,0,0,0,0
481,CodeSmell_OriginalFiles/1/0x9a4ee79ab5ef423162873d3df22047b392492e58.sol,0,0,0,0,0,0,0
482,CodeSmell_OriginalFiles/1/0x9ae98746EB8a0aeEe5fF2b6B15875313a986f103.sol,0,0,0,0,0,0,0
483,CodeSmell_OriginalFiles/1/0x9b0f6a5a667cb92af0cd15dbe90e764e32f69e77.sol,0,0,0,0,0,0,0
484,CodeSmell_OriginalFiles/1/0x9b2e81b42907e2bbd2bd76e36ba8ce1911db537e.sol,0,0,0,0,0,0,0
485,CodeSmell_OriginalFiles/1/0x9b6BAA7DE8751328E8e0a8b872Ff8d36539b313D.sol,0,0,0,0,0,0,0
486,CodeSmell_OriginalFiles/1/0x9b8c435196c8398ff021f375535cf04e3459b15c.sol,1,1,0,0,0,0,0
487,CodeSmell_OriginalFiles/1/0x9bbb9387c9e2477a6b5d81afece00255875c48ce.sol,1,0,0,0,0,0,0
488,CodeSmell_OriginalFiles/1/0x9c099997100fe55041b2028332A027ad7004AAc4.sol,1,1,0,0,0,0,0
489,CodeSmell_OriginalFiles/1/0x9ce6a4dbf61c13e23edf47b41e7a2ba9e525d765.sol,0,0,0,0,0,0,0
490,CodeSmell_OriginalFiles/1/0x9de550274af9c3d4d3e9713f828bd58bd5686b5a.sol,0,0,0,0,0,0,0
491,CodeSmell_OriginalFiles/1/0x9e46a38f5daabe8683e10793b06749eef7d733d1.sol,0,0,0,0,0,0,0
492,CodeSmell_OriginalFiles/1/0x9f00f10e226ec430e888d6311e3f65e62093a9ac.sol,1,0,0,0,0,0,0
493,CodeSmell_OriginalFiles/2/0x575cb87ab3c2329a0248c7d70e0ead8e57f3e3f7.sol,0,0,0,0,0,0,0
494,CodeSmell_OriginalFiles/2/0x5783af06b94192a3f5f6610ecef477d033b70c74.sol,0,0,0,0,0,0,0
495,CodeSmell_OriginalFiles/2/0x580c1e3caca14826976b5820947f7ad486ac174d.sol,0,0,0,0,0,0,0
496,CodeSmell_OriginalFiles/2/0x5882D49d3511E09096CBbaB7E19fBFb82f65f28D.sol,0,0,0,0,0,0,0
497,CodeSmell_OriginalFiles/2/0x58e41735fa157a69ae9abf96321e890fb45f3dff.sol,0,0,0,0,0,0,0
498,CodeSmell_OriginalFiles/2/0x60a76ea79eBC7264F2897EE7FE4f33F31ef25A74.sol,0,0,0,0,0,0,0
499,CodeSmell_OriginalFiles/2/0x60e6b603b34b39ed22e95c10f360afde8a88d1e9.sol,0,0,0,0,0,0,0
500,CodeSmell_OriginalFiles/2/0x60ee1f74b96274a60b3dd5b92b35a49f86cfce80.sol,0,0,0,0,0,0,0
501,CodeSmell_OriginalFiles/2/0x611710ba93faf6d2964a94656771f76e6d05d5f0.sol,0,0,0,0,0,0,0
502,CodeSmell_OriginalFiles/2/0x615ed6779507f223d04722d43ccc0cd871964e2a.sol,0,0,0,0,0,0,0
503,CodeSmell_OriginalFiles/2/0x62451d37ca2ec1f0499996bc3c7e2baf258e9729.sol,0,0,0,0,0,0,0
504,CodeSmell_OriginalFiles/2/0x62c8b4ac2aef3ed13b929ca9fb20cacb222e3fa6.sol,0,0,0,0,0,0,0
505,CodeSmell_OriginalFiles/2/0x62e66080900fe39cd52bf5c0f8385b1339bedae5.sol,0,0,0,0,0,0,0
506,CodeSmell_OriginalFiles/2/0x631b4cea5064e2577cdb73c37ed2de00c30ee14a.sol,1,1,0,0,1,0,0
507,CodeSmell_OriginalFiles/2/0x635783f8dc5e941fc142235ea44cc3529c17695d.sol,0,0,0,0,0,0,0
508,CodeSmell_OriginalFiles/2/0x6425c6BE902d692AE2db752B3c268AFAdb099D3b.sol,0,0,0,0,0,0,0
509,CodeSmell_OriginalFiles/2/0x655C072286A8ab7B33B16Aa6908CFECDe39E57a1.sol,0,0,0,0,0,0,0
510,CodeSmell_OriginalFiles/2/0x66df48ba23c5e6cd5deb75f91bcc99030e2bf115.sol,0,0,0,0,0,0,0
511,CodeSmell_OriginalFiles/2/0x6822aaf4ab22e6cca8352a927b9ae0a8fdb58d9d.sol,0,0,0,0,0,0,0
512,CodeSmell_OriginalFiles/2/0x709c7134053510fce03b464982eab6e3d89728a5.sol,0,0,0,0,0,0,0
513,CodeSmell_OriginalFiles/2/0x728781e75735dc0962df3a51d7ef47e798a7107e.sol,0,0,0,0,0,0,0
514,CodeSmell_OriginalFiles/2/0x7352cb77c2478a59d21230a8d65146e04b59f58c.sol,0,0,0,0,1,0,0
515,CodeSmell_OriginalFiles/2/0x73dd069c299a5d691e9836243bcaec9c8c1d8734.sol,0,0,0,0,0,0,0
516,CodeSmell_OriginalFiles/2/0x747616c4a19bd9bf1e2b6c8a77d206ea1f9c6018.sol,0,0,0,0,0,0,0
517,CodeSmell_OriginalFiles/2/0x75009ba0e084973d9c42fa81862d7076fae4500d.sol,0,0,0,0,0,0,0
518,CodeSmell_OriginalFiles/2/0x759981e5af7661836d305f71779690808c1de51f.sol,0,0,0,0,0,0,0
519,CodeSmell_OriginalFiles/2/0x761d0ca58b3b34ccf4f66438f9d6378e2f063dce.sol,0,0,0,0,0,0,0
520,CodeSmell_OriginalFiles/2/0x787C2fFFB74F559219836a77FAd6181f808b6F73.sol,0,0,0,0,0,0,0
521,CodeSmell_OriginalFiles/2/0x78a73B6CBc5D183CE56e786f6e905CaDEC63547B.sol,0,0,0,0,0,0,0
522,CodeSmell_OriginalFiles/2/0x8015302bc5163b9fdaf03c1c952cbe5d21dc6d4b.sol,0,0,0,0,0,0,0
523,CodeSmell_OriginalFiles/2/0x80a92535c95d0e6cebece256df3c1b540c60dccb.sol,0,0,0,0,0,0,0
524,CodeSmell_OriginalFiles/2/0x827d41446a2cb012d3011b94f525d6c46b32866d.sol,0,0,0,0,0,0,0
525,CodeSmell_OriginalFiles/2/0x828bE8eA7bbbe246216e7017b35057F64cf6449a.sol,0,0,0,0,0,0,0
526,CodeSmell_OriginalFiles/2/0x833ede3050c27d88e5da6922a312e3fdc15be29b.sol,0,0,0,0,0,0,0
527,CodeSmell_OriginalFiles/2/0x836175e10c294d76fb44135d666b3eb76a62e0f0.sol,0,0,0,0,0,0,0
528,CodeSmell_OriginalFiles/2/0x83b7EEb4D6eC1289578186f1da64A876DC71FCbb.sol,0,0,0,0,0,0,0
529,CodeSmell_OriginalFiles/2/0x83c54a35e72ae07c46fc8f8f172a13ba19ac3bed.sol,0,0,0,0,0,0,0
530,CodeSmell_OriginalFiles/2/0x87d1ccf428832015d6108520d6d0909013753a62.sol,0,0,0,0,0,0,0
531,CodeSmell_OriginalFiles/2/0x89064da61e06c0e2035b5c8601c759ba60acb94d.sol,0,0,0,0,0,0,0
532,CodeSmell_OriginalFiles/2/0x895d55ce51760ca614b5b446a504c4a49e2d26e8.sol,0,0,0,0,0,0,0
533,CodeSmell_OriginalFiles/2/0x899f9a0440face1397a1ee1e3f6bf3580a6633d1.sol,1,0,0,0,1,0,0
534,CodeSmell_OriginalFiles/2/0x89c0afcd1bdbb91675b9fca14519738d5286b61e.sol,0,0,0,0,0,0,0
535,CodeSmell_OriginalFiles/2/0x901f47957338bf52b6a45ef67a3de09346c3fa29.sol,0,0,0,0,0,0,0
536,CodeSmell_OriginalFiles/2/0x904764ffe5A90F12282995b5674055c15093AEeA.sol,0,0,0,0,0,0,0
537,CodeSmell_OriginalFiles/2/0x91BD62e48282eA188998D04570eD8a3e237d3A6A.sol,0,0,0,0,0,0,0
538,CodeSmell_OriginalFiles/2/0x91a57b2f6fa86b373bce5716eb26c81cbb004223.sol,0,0,0,0,0,0,0
539,CodeSmell_OriginalFiles/2/0x92cB5F1FbabbcbDd891B9Cbd8E9a056c8c1eEbEF.sol,0,0,0,0,0,0,0
540,CodeSmell_OriginalFiles/2/0x93519cc1a51ac56cf2daa8aaafcd4073f49a19d8.sol,0,0,0,0,0,0,0
541,CodeSmell_OriginalFiles/2/0x93d812bf90a575d628e246b0966505a9e466f534.sol,1,0,0,0,1,0,0
542,CodeSmell_OriginalFiles/2/0x942ffef843d37805c59f30fabb99b46aad135288.sol,0,0,0,0,0,0,0
543,CodeSmell_OriginalFiles/2/0x94add786881a945e68f3dfd1478f586ba36769b5.sol,0,0,0,0,0,0,0
544,CodeSmell_OriginalFiles/2/0x97282A7a15f9bEaDC854E8793AAe43B089F14b4e.sol,0,0,0,0,0,0,0
545,CodeSmell_OriginalFiles/2/0x97ec9bfb0f6672c358620615a1e4de0348aea05c.sol,0,0,0,0,0,0,0
546,CodeSmell_OriginalFiles/2/0x98f62d8ad5a884c8bbcf262591dff55dab263b80.sol,0,0,0,0,0,0,0
547,CodeSmell_OriginalFiles/2/0x99892ac6da1b3851167cb959fe945926bca89f09.sol,0,0,0,0,0,0,0
548,CodeSmell_OriginalFiles/3/0x66385555FC121D18Dc95eC3A8ECd51AB2B660dE5.sol,0,0,0,0,0,0,0
549,CodeSmell_OriginalFiles/3/0x995020804986274763df9deb0296b754f2659ca1.sol,0,0,0,0,0,0,0
550,CodeSmell_OriginalFiles/3/0xA5d1e58ECe1fC438d64E65769d2ab730143a4Caf.sol,0,0,0,0,0,0,0
551,CodeSmell_OriginalFiles/3/0xA97fF44CFf7101FaC76aF172F088f400F28cb4E9.sol,0,0,0,0,0,0,0
552,CodeSmell_OriginalFiles/3/0xACbfB851D69EF8Eca1453d82f38B590268ca46B1.sol,0,0,0,0,0,0,0
553,CodeSmell_OriginalFiles/3/0xAd1aA68300588Aa5842751DDCAb2AFd4a69e9016.sol,0,1,0,0,1,0,0
554,CodeSmell_OriginalFiles/3/0xB71Cd8f21D5C21edcd113CA2807189ddcAf9DD44.sol,0,0,0,0,0,0,0
555,CodeSmell_OriginalFiles/3/0xa01d9BAfA60fbd1967bacF74B76c7e464d0F7c92.sol,0,0,0,0,0,0,0
556,CodeSmell_OriginalFiles/3/0xa14c275277b788c20534066335e8bd3de77ffde4.sol,0,0,0,0,0,0,0
557,CodeSmell_OriginalFiles/3/0xa1877c74562821ff59ffc0bc999e6a2e164f4d87.sol,0,0,0,0,0,0,0
558,CodeSmell_OriginalFiles/3/0xa1c957c0210397d2d0296341627b74411756d476.sol,0,0,0,0,0,0,0
559,CodeSmell_OriginalFiles/3/0xa2eb247c2bebbd233b455a6c798ceba81e3aa320.sol,0,0,0,0,0,0,0
560,CodeSmell_OriginalFiles/3/0xa33c4a314faa9684eeffa6ba334688001ea99bbc.sol,0,0,0,0,0,0,0
561,CodeSmell_OriginalFiles/3/0xa35e3e419ae0031460af1e7a1386cb8f0d7d0efb.sol,0,0,0,0,0,0,0
562,CodeSmell_OriginalFiles/3/0xa37adde3ba20a396338364e2ddb5e0897d11a91d.sol,0,0,0,0,0,0,0
563,CodeSmell_OriginalFiles/3/0xa42004629c80aa5f56186379c1185fbec0f65bf7.sol,0,0,0,0,0,0,0
564,CodeSmell_OriginalFiles/3/0xa549ef3164556b3fdba16680798032b993c2325b.sol,0,0,0,0,0,0,0
565,CodeSmell_OriginalFiles/3/0xa578acc0cb7875781b7880903f4594d13cfa8b98.sol,0,0,0,0,0,0,0
566,CodeSmell_OriginalFiles/3/0xa646e29877d52b9e2de457eca09c724ff16d0a2b.sol,0,0,0,0,0,0,0
567,CodeSmell_OriginalFiles/3/0xa6a180ce6432a356fb15ede85f63e1e6ffd7afeb.sol,0,0,0,0,0,0,0
568,CodeSmell_OriginalFiles/3/0xa723606e907bf84215d5785ea7f6cd93a0fbd121.sol,0,0,0,0,0,0,0
569,CodeSmell_OriginalFiles/3/0xa7f598984f6a77da416efaaf6ff18f5f7b9eeab2.sol,0,0,0,0,0,0,0
570,CodeSmell_OriginalFiles/3/0xa7fa7588cd7ebf3d0e128f07da7406dd74e241df.sol,0,0,0,0,0,0,0
571,CodeSmell_OriginalFiles/3/0xa87c3ec87eb802aad080df0adb331e504d327e5d.sol,1,0,0,0,1,0,0
572,CodeSmell_OriginalFiles/3/0xa8a4ff10d75a82aa8cd1055d30a66c925dc5b2fe.sol,0,0,0,0,0,0,0
573,CodeSmell_OriginalFiles/3/0xa9ad24633c93ee78f4c2bf9b3e9128cbc0269717.sol,0,0,0,0,0,0,0
574,CodeSmell_OriginalFiles/3/0xaa6e94908c4b2d020ef5f92bca529db958df106f.sol,0,1,0,0,0,0,0
575,CodeSmell_OriginalFiles/3/0xaac8253a42c213b6a9cdf4f25cd5de29d09b96f9.sol,0,0,0,0,0,0,0
576,CodeSmell_OriginalFiles/3/0xace518c4cb2b823c2ab2b12c709e71e11cfb8896.sol,0,0,0,0,0,0,0
577,CodeSmell_OriginalFiles/3/0xad1ff4873633c9248130fbfe28d17e1bd5467cc4.sol,0,0,0,0,0,0,0
578,CodeSmell_OriginalFiles/3/0xadaac4cb430f4f4aa0d60741bc263f3dfec0790a.sol,0,0,0,0,0,0,0
579,CodeSmell_OriginalFiles/3/0xadb41fcd3df9ff681680203a074271d3b3dae526.sol,0,0,0,0,1,0,0
580,CodeSmell_OriginalFiles/3/0xae53aaff39f07cb48386ef33bc5fc72cc55d6f1c.sol,0,0,0,0,0,0,0
581,CodeSmell_OriginalFiles/3/0xaf7aea249098f2c2f50cc11d4000ccf798194373.sol,1,1,0,0,1,0,0
582,CodeSmell_OriginalFiles/3/0xb00b5f9a21b79901d687d6d952319af767a116ca.sol,0,0,0,0,0,0,0
583,CodeSmell_OriginalFiles/3/0xb0bef286a13457b963c710fa7765961d09a27c63.sol,1,0,0,0,0,0,0
584,CodeSmell_OriginalFiles/3/0xb104df39250112eda59b27f5db7013c7ee132d50.sol,0,0,0,0,0,0,0
585,CodeSmell_OriginalFiles/3/0xb1690c08e213a35ed9bab7b318de14420fb57d8c.sol,1,1,0,0,1,0,0
586,CodeSmell_OriginalFiles/3/0xb28a3dd24036151c819c6d401f7a222d9aa3671b.sol,0,0,0,0,0,0,0
587,CodeSmell_OriginalFiles/3/0xb375d24ffc46885c3bdd5ed275a248efe76a25c9.sol,0,0,0,0,0,0,0
588,CodeSmell_OriginalFiles/3/0xb3775fb83f7d12a36e0475abdd1fca35c091efbe.sol,0,0,0,0,0,0,0
589,CodeSmell_OriginalFiles/3/0xb3aac808b10eb65b74b59deb4f1998b52327bd1a.sol,0,0,0,0,0,0,0
590,CodeSmell_OriginalFiles/3/0xb3b33f59174f2ef62167770e4c9cabaa3879eb5d.sol,0,0,0,0,0,0,0
591,CodeSmell_OriginalFiles/3/0xb47e3cd837dDF8e4c57F05d70Ab865de6e193BBB.sol,0,0,0,0,0,0,0
592,CodeSmell_OriginalFiles/3/0xb53613FA4ad09f00e41A91B7dFdfa3E98c76F4c0.sol,0,0,0,0,0,0,0
593,CodeSmell_OriginalFiles/3/0xb5fbae0361855617c58ef95a186889f0122e6642.sol,0,0,0,0,0,0,0
594,CodeSmell_OriginalFiles/3/0xb694a9ee2eed5dc6d58599a25874abda504fa60a.sol,0,0,0,0,1,0,0
595,CodeSmell_OriginalFiles/3/0xb77fd7187f7d4ba1f90a924c9d4264d4c458e5b3.sol,0,0,0,0,0,0,0
596,CodeSmell_OriginalFiles/3/0xb8bf73550f251562d308882e032225a700a7b9bc.sol,0,0,0,0,0,0,0
597,CodeSmell_OriginalFiles/3/0xba2184520a1cc49a6159c57e61e1844e085615b6.sol,0,0,0,0,0,0,0
598,CodeSmell_OriginalFiles/3/0xbaaffc2f4074863bf0ced1dc61e5410fad075cec.sol,0,0,0,0,0,0,0
599,CodeSmell_OriginalFiles/3/0xbad9b65cfb0c2e89bc9543b86849780baa52c605.sol,0,0,0,0,0,0,0
600,CodeSmell_OriginalFiles/3/0xbbc5d510bab53b2199fb17fe1d896eb78911e103.sol,0,0,0,0,0,0,0
601,CodeSmell_OriginalFiles/3/0xbc1aB7F58a95cf307Ba5Ee18CF06b7eD0120da7a.sol,0,0,0,0,0,0,0
602,CodeSmell_OriginalFiles/3/0xbd2ed3e85faa3433c068c7b3f9c8c7d839ce88d7.sol,0,0,0,0,0,0,0
603,CodeSmell_OriginalFiles/4/0xC16b542ff490e01fcc0DC58a60e1EFdc3e357cA6.sol,0,0,0,0,0,0,0
604,CodeSmell_OriginalFiles/4/0xD0B56cbCD938AEAfb41915C09594eE88F3c5C41b.sol,0,0,0,0,0,0,0
605,CodeSmell_OriginalFiles/4/0xD9BaBaf28e492F90dC900506B28834316eDed9e6.sol,0,0,0,0,0,0,0
606,CodeSmell_OriginalFiles/4/0xbF29685856FAE1e228878DFB35B280C0adCC3B05.sol,0,0,0,0,0,0,0
607,CodeSmell_OriginalFiles/4/0xbd6bfb97124bce7cab703e6aa6968706c5f0feea.sol,1,0,0,0,1,0,0
608,CodeSmell_OriginalFiles/4/0xc00061de5d47f802daaf0de1498c9680732861c3.sol,0,1,0,0,0,0,0
609,CodeSmell_OriginalFiles/4/0xc02aaa39b223fe8d0a0e5c4f27ead9083c756cc2.sol,0,0,0,0,0,0,0
610,CodeSmell_OriginalFiles/4/0xc03281af336e2c25b41ff893a0e6ce1a932b23af.sol,0,0,0,0,0,0,0
611,CodeSmell_OriginalFiles/4/0xc0829421c1d260bd3cb3e0f06cfe2d52db2ce315.sol,0,0,0,0,0,0,0
612,CodeSmell_OriginalFiles/4/0xc23f76aea00b775aadc8504ccb22468f4fd2261a.sol,0,0,0,0,0,0,0
613,CodeSmell_OriginalFiles/4/0xc2de2ce66f1f16c09e6a2c9595ac878db4113a88.sol,0,0,0,0,0,0,0
614,CodeSmell_OriginalFiles/4/0xc3142db870ce470122f7d2d4d8d76ae5dda51dda.sol,0,0,0,0,0,0,0
615,CodeSmell_OriginalFiles/4/0xc3ef562cc403c8f9edf7c3826655fbf50f4ddde8.sol,0,0,0,0,0,0,0
616,CodeSmell_OriginalFiles/4/0xc4d3abd6007e7475655a463f8aa01d4cca033991.sol,0,0,0,0,0,0,0
617,CodeSmell_OriginalFiles/4/0xc5cdcd5470aef35fc33bddff3f8ecec027f95b1d.sol,0,0,0,0,0,0,0
618,CodeSmell_OriginalFiles/4/0xc67c1f88f31e724b137a057292e55cb42a5f3241.sol,1,1,0,0,1,0,0
619,CodeSmell_OriginalFiles/4/0xc68d1fc21e05d135eaf640aae84a2a9dada69672.sol,0,0,0,0,0,0,0
620,CodeSmell_OriginalFiles/4/0xc6e095f5fB53339D8F4C7f576ccD37bE05E5B67E.sol,0,0,0,0,0,0,0
621,CodeSmell_OriginalFiles/4/0xc70afb5612b16d36d2204052f81932064fd084c5.sol,0,0,0,0,0,0,0
622,CodeSmell_OriginalFiles/4/0xc7d784274aaa0010f0c3dedd10eb66d49b7e4098.sol,0,0,0,0,0,0,0
623,CodeSmell_OriginalFiles/4/0xc83355ef25a104938275b46cffd94bf9917d0691.sol,0,0,0,0,0,0,0
624,CodeSmell_OriginalFiles/4/0xc8d464c9906eb7a81a62f5ff658d7e4e68a8486b.sol,0,0,0,0,0,0,0
625,CodeSmell_OriginalFiles/4/0xca6bea8e144b0a6aebbb412e6ad0e7ff1959235e.sol,0,0,0,0,0,0,0
626,CodeSmell_OriginalFiles/4/0xcaef67f72114b4d2b4f43e7407455285b7de8de5.sol,0,0,0,0,0,0,0
627,CodeSmell_OriginalFiles/4/0xcc5f26bf69b259b495a15427384e7f9668917d56.sol,0,0,0,0,0,0,0
628,CodeSmell_OriginalFiles/4/0xcc89405e3cfd38412093840a3ac2f851dd395dfb.sol,0,0,0,0,1,0,0
629,CodeSmell_OriginalFiles/4/0xcce9fd6aea9fc618b98198b13599d2a0419534bb.sol,0,0,0,0,0,0,0
630,CodeSmell_OriginalFiles/4/0xccf09a5a9449b8d39e27f7fcffbb1a30ec29c8db.sol,0,0,0,0,0,0,0
631,CodeSmell_OriginalFiles/4/0xcd806502ad2f9aeb32e23f8d647341d4b568201d.sol,0,0,0,0,0,0,0
632,CodeSmell_OriginalFiles/4/0xcdb7ecfd3403eef3882c65b761ef9b5054890a47.sol,0,0,0,0,0,0,0
633,CodeSmell_OriginalFiles/4/0xce2095197142a6972256d70fe4ba024f2c7a7d96.sol,0,0,0,0,0,0,0
634,CodeSmell_OriginalFiles/4/0xce6c1005bf05b370af93c1f70d7798aa08c0b6d6.sol,0,0,0,0,0,0,0
635,CodeSmell_OriginalFiles/4/0xcfaafdd4ec90985108c3f4847b14e7c733eaf575.sol,0,0,0,0,0,0,0
636,CodeSmell_OriginalFiles/4/0xd20e5bab91720217637847365bf5932fe85f6fd3.sol,0,0,0,0,0,0,0
637,CodeSmell_OriginalFiles/4/0xd32c26B14030c724c0118576308Ea2fB3300D10f.sol,0,0,0,0,0,0,0
638,CodeSmell_OriginalFiles/4/0xd3d20f3f0ededb2a1503dc8858c7c6f37c2b22cf.sol,0,0,0,0,0,0,0
639,CodeSmell_OriginalFiles/4/0xd566fa4a696eac66f749f7fe999d6673fee2026c.sol,0,1,0,0,0,0,0
640,CodeSmell_OriginalFiles/4/0xd58297b5e0ad69f6ba949fdde9da0f2b978f00a0.sol,0,1,0,0,0,0,0
641,CodeSmell_OriginalFiles/4/0xd5abcc4c80fd01d8822f35f379fbcebf7a8b8679.sol,0,1,0,0,0,0,0
642,CodeSmell_OriginalFiles/4/0xd6A755BCe1844Ad6b7681118b18f54D63E5C13F9.sol,0,0,0,0,0,0,0
643,CodeSmell_OriginalFiles/4/0xd76b5c2a23ef78368d8e34288b5b65d616b746ae.sol,0,0,0,0,0,0,0
644,CodeSmell_OriginalFiles/4/0xd7784ddb103479ee3094c7816dd7918e1ae3997f.sol,0,0,0,0,0,0,0
645,CodeSmell_OriginalFiles/4/0xd77fc35cc9007557dcd18bfe26fe66f1ea3a0e7f.sol,1,1,0,0,1,0,0
646,CodeSmell_OriginalFiles/4/0xd780ae2bf04cd96e577d3d014762f831d97129d0.sol,0,0,0,0,0,0,0
647,CodeSmell_OriginalFiles/4/0xd7bc93f391e94557fa621711699d1a5fd38d5ad5.sol,0,0,0,0,0,0,0
648,CodeSmell_OriginalFiles/4/0xd7e4ad7c318ffbafbf602e32e089e7e2326a2581.sol,0,0,0,0,0,0,0
649,CodeSmell_OriginalFiles/4/0xd8e396e67650e72eefa281efc86738eb3e2c7400.sol,0,0,0,0,0,0,0
650,CodeSmell_OriginalFiles/4/0xd9489f5a7c4420e814f6216505b6754ebd4213f7.sol,0,0,0,0,0,0,0
651,CodeSmell_OriginalFiles/4/0xd96e8733dfd61fd37936450ea17176288c09a2a9.sol,0,0,0,0,0,0,0
652,CodeSmell_OriginalFiles/4/0xd9e21e7fbbc85d05165b9691abc279249de1a658.sol,0,0,0,0,0,0,0
653,CodeSmell_OriginalFiles/4/0xdD1AcE2f45962e4C1297c784009478865e3B13bE.sol,1,0,0,0,1,0,0
654,CodeSmell_OriginalFiles/4/0xdaab8a09aed3b98df4fffef85e78cd6f513de7d0.sol,0,0,0,0,0,0,0
655,CodeSmell_OriginalFiles/4/0xdb2Ae021F1EEa3c9ad25cd49aDDe23bB788D3D9D.sol,0,0,0,0,0,0,0
656,CodeSmell_OriginalFiles/4/0xdc448e8a2a92a5ce799b197e982d773c605318a4.sol,0,0,0,0,0,0,0
657,CodeSmell_OriginalFiles/4/0xdd5a3aeef473401c23f24c4c6b9cd1b0808fbb36.sol,0,0,0,0,0,0,0
658,CodeSmell_OriginalFiles/5/0xDD9aE24a9E442Fd7af6Cd321400Cc8243458924F.sol,0,0,0,0,0,0,0
659,CodeSmell_OriginalFiles/5/0xDfC328c19C8De45ac0117f836646378c10e0CdA3.sol,0,0,0,0,0,0,0
660,CodeSmell_OriginalFiles/5/0xE05CeDD2838E4e1d99B539D8C768D6EF2a10F729.sol,0,0,0,0,0,0,0
661,CodeSmell_OriginalFiles/5/0xE5a04D98538231b0fAb9ABa60cd73cE4fF3039DF.sol,0,0,0,0,0,0,0
662,CodeSmell_OriginalFiles/5/0xE691b7FF3c9fdDB8C2437412208EE4816ABa7258.sol,0,0,0,0,0,0,0
663,CodeSmell_OriginalFiles/5/0xF05EbadcF22b4dfd49d7f3AB59fd22C9fC49AF6F.sol,0,0,0,0,0,0,0
664,CodeSmell_OriginalFiles/5/0xdd98b423dc61a756e1070de151b1485425505954.sol,0,0,0,0,0,0,0
665,CodeSmell_OriginalFiles/5/0xddf0d0b9914d530e0b743808249d9af901f1bd01.sol,0,0,0,0,0,0,0
666,CodeSmell_OriginalFiles/5/0xdf6164efd12678bf6a7d5a1ddf73c831493f6574.sol,0,0,0,0,0,0,0
667,CodeSmell_OriginalFiles/5/0xe0efd668c950e6d286bc1c5b9304f31632708656.sol,0,0,0,0,0,0,0
668,CodeSmell_OriginalFiles/5/0xe1df194ae7366876e91a0999e29530719452e558.sol,0,0,0,0,0,0,0
669,CodeSmell_OriginalFiles/5/0xe1f243a9abfeef646be6bef7b8c2018276574294.sol,0,0,0,0,0,0,0
670,CodeSmell_OriginalFiles/5/0xe23266201b2ad708cf9916240783ebe0405b3881.sol,0,0,0,0,0,0,0
671,CodeSmell_OriginalFiles/5/0xe2d82dc7da0e6f882e96846451f4fabcc8f90528.sol,0,0,0,0,0,0,0
672,CodeSmell_OriginalFiles/5/0xe2e5d0e1422e927abab19ad2067f802ad07fb364.sol,0,0,0,0,0,0,0
673,CodeSmell_OriginalFiles/5/0xe43f953a39a4681ac36f72977ec6998adc3d9f6a.sol,0,0,0,0,0,0,0
674,CodeSmell_OriginalFiles/5/0xe4ba27aebaa3d09b2ac68b0c070a4d37ccc65cb7.sol,0,0,0,0,0,0,0
675,CodeSmell_OriginalFiles/5/0xe4fb506f5e6d8c68e71cb9f7cc2fde4c059d3925.sol,0,0,0,0,0,0,0
676,CodeSmell_OriginalFiles/5/0xe531642e9bb5d027e9c20e03284287b97919a9a5.sol,1,1,0,0,1,0,0
677,CodeSmell_OriginalFiles/5/0xe642b6f79041c60d8447679b3a499f18d8b03b81.sol,0,0,0,0,0,0,0
678,CodeSmell_OriginalFiles/5/0xe64d5f33e28387855d33980719f27f0d579392af.sol,0,0,0,0,0,0,0
679,CodeSmell_OriginalFiles/5/0xe6517b766e6ee07f91b517435ed855926bcb1aae.sol,0,0,0,0,0,0,0
680,CodeSmell_OriginalFiles/5/0xe752483412490481d193194d293db5cd0ed054a8.sol,0,0,0,0,0,0,0
681,CodeSmell_OriginalFiles/5/0xe758421818E3FC974730292C0704F7b77DaA791c.sol,0,0,0,0,0,0,0
682,CodeSmell_OriginalFiles/5/0xe782146478f5d9f3ecc77a77c429f2941dced0f3.sol,0,0,0,0,0,0,0
683,CodeSmell_OriginalFiles/5/0xe7dc501cb9ca414cf9211af214d5065ca3a30768.sol,0,0,0,0,0,0,0
684,CodeSmell_OriginalFiles/5/0xe8a51be86ad96447d45ddeddc55013f25157688c.sol,0,0,0,0,0,0,0
685,CodeSmell_OriginalFiles/5/0xe9ef26c4e9761e2305f455a0e0d4cd286e2d13a1.sol,0,0,0,0,0,0,0
686,CodeSmell_OriginalFiles/5/0xea3be67a30325e665a86ea4149c781b20a81e07f.sol,0,0,0,0,0,0,0
687,CodeSmell_OriginalFiles/5/0xea450e48e8d0da4332516a12c63c2232450caf6a.sol,0,0,0,0,0,0,0
688,CodeSmell_OriginalFiles/5/0xea88C23690b9F12ac6941E8a229aa4f94C72B8Db.sol,0,0,0,0,0,0,0
689,CodeSmell_OriginalFiles/5/0xeb6e4fad04c68a2dd22c0a6acb1010c763c5ced8.sol,0,0,0,0,0,0,0
690,CodeSmell_OriginalFiles/5/0xed1a5a5a71859c5eab160d4c9e1eb0d185f925e3.sol,0,0,0,0,1,0,0
691,CodeSmell_OriginalFiles/5/0xed574d920a0c152ca136717c79a352b83f3bb058.sol,0,0,0,0,0,0,0
692,CodeSmell_OriginalFiles/5/0xed667323cf62f4bbb62ec22038e34ed27e02a360.sol,0,0,0,0,0,0,0
693,CodeSmell_OriginalFiles/5/0xed7da010027967365e0a7c370c1dde2f9fe4477f.sol,0,0,0,0,0,0,0
694,CodeSmell_OriginalFiles/5/0xee4e09a72c5f8d60ce09b4b90dd1ee680fc375fe.sol,0,0,0,0,0,0,0
695,CodeSmell_OriginalFiles/5/0xf0300337E920aE843040A71584f870aE719bf5eD.sol,0,0,0,0,0,0,0
696,CodeSmell_OriginalFiles/5/0xf0a924661b0263e5ce12756d07f45b8668c53380.sol,0,1,0,0,0,0,0
697,CodeSmell_OriginalFiles/5/0xf1a35ded3f2f48d2a036f4ef586b725ceb0dddeb.sol,0,0,0,0,0,0,0
698,CodeSmell_OriginalFiles/5/0xf1ed1fdb9f35ec6758262b4f0683d60f799bf8b6.sol,0,0,0,0,0,0,0
699,CodeSmell_OriginalFiles/5/0xf300cc72613d575a4567405c2a07d2aaf182aebf.sol,0,0,0,0,0,0,0
700,CodeSmell_OriginalFiles/5/0xf31619a15518dce0613a514e6672d1f84f6e7fe7.sol,1,0,0,0,0,0,0
701,CodeSmell_OriginalFiles/5/0xf39C702594792B91aec6d881C9e6ebD2022A2271.sol,0,0,0,0,0,0,0
702,CodeSmell_OriginalFiles/5/0xf48d72e5a2419c0c6f5822854b7bb7bf135d1623.sol,0,0,0,0,0,0,0
703,CodeSmell_OriginalFiles/5/0xf5056ed34e0c233f5a37b830533610a853296388.sol,0,0,0,0,0,0,0
704,CodeSmell_OriginalFiles/5/0xf603c4161c388b77249486f9cb6f1741abda6a9b.sol,0,0,0,0,0,0,0
705,CodeSmell_OriginalFiles/5/0xf665069a0ee102ceadbd80690814473dbdd56ac8.sol,0,0,0,0,0,0,0
706,CodeSmell_OriginalFiles/5/0xf69cD472e4EfB38aa320470422C133Ff546B16CC.sol,0,0,0,0,1,0,0
707,CodeSmell_OriginalFiles/5/0xf7bc84a0e505cd424ce7706a67046271ace20ec8.sol,0,0,0,0,0,0,0
708,CodeSmell_OriginalFiles/5/0xfaaad14ff8d00e28959094dd8cf90b6dcd7f5a3e.sol,0,0,0,0,0,0,0
709,CodeSmell_OriginalFiles/5/0xfb2a61c6da801aca637e0a8fb459ce22f5c241f9.sol,0,0,0,0,0,0,0
710,CodeSmell_OriginalFiles/5/0xfb950d858dab0594f4cffb77201215ee46d8b304.sol,1,0,0,0,1,0,0
711,CodeSmell_OriginalFiles/5/0xfc5c6c8015962e7035f3bdc5fe7ec94bedc77833.sol,0,0,0,0,0,0,0
712,CodeSmell_OriginalFiles/5/0xfc668AE14b0F7702c04b105448fE733D96C558DF.sol,0,0,0,0,0,0,0
713,CodeSmell_OriginalFiles/6/0x01bd70a0cc118bca4c70624286488e8f3d78a10f.sol,0,0,0,0,0,0,0
714,CodeSmell_OriginalFiles/6/0x01d5d0108589f3c52fcce6e65503bb6515e66698.sol,1,1,0,0,1,0,0
715,CodeSmell_OriginalFiles/6/0x05d379b48A8622ae4018309E116420Db4a38A225.sol,0,0,0,0,0,0,0
716,CodeSmell_OriginalFiles/6/0x0E915b35cC269b2DfC8BbD8E4A88Ed4884a53EfC.sol,1,1,0,0,0,0,0
717,CodeSmell_OriginalFiles/6/0x0F4caFDCE3737601C598BcFD4Bbd69F75786bA40.sol,0,0,0,0,0,0,0
718,CodeSmell_OriginalFiles/6/0x0b1724cc9fda0186911ef6a75949e9c0d3f0f2f3.sol,0,0,0,0,0,0,0
719,CodeSmell_OriginalFiles/6/0x0b6bc31fe6839ec3b8cfc98819cec7fa64158a8f.sol,1,1,0,0,0,0,0
720,CodeSmell_OriginalFiles/6/0x0b9e9c56ec900fbea85546444458d3c31ab60572.sol,0,0,0,0,0,0,0
721,CodeSmell_OriginalFiles/6/0x0dE2aD05856f8F5bfD8284D540a5d8C3AEc4dC9A.sol,0,0,0,0,0,0,0
722,CodeSmell_OriginalFiles/6/0x0dcfdb9f5496ed7f62dd0ac019c7daf184a66aef.sol,1,0,0,0,1,0,0
723,CodeSmell_OriginalFiles/6/0x0f598112679b78e17a4a9febc83703710d33489c.sol,0,0,0,0,0,0,0
724,CodeSmell_OriginalFiles/6/0x0f5d2fb29fb7d3cfee444a200298f468908cc942.sol,0,0,0,0,0,0,0
725,CodeSmell_OriginalFiles/6/0x1b8f71e4eec8df98598bbc3093cafeb57c7109ae.sol,0,0,0,0,0,0,0
726,CodeSmell_OriginalFiles/6/0x1bb28e79f2482df6bf60efc7a33365703bcf1536.sol,0,0,0,0,0,0,0
727,CodeSmell_OriginalFiles/6/0x1c02ce498dc6d0d6ef05a253e021258b07eeba91.sol,0,0,0,0,0,0,0
728,CodeSmell_OriginalFiles/6/0x1cE7AE555139c5EF5A57CC8d814a867ee6Ee33D8.sol,0,0,0,0,1,0,0
729,CodeSmell_OriginalFiles/6/0x1cf6949F4B661018B3195f3FF98effe12f587263.sol,0,0,0,0,0,0,0
730,CodeSmell_OriginalFiles/6/0x1d840cb510f084e6154c85d14d98cdc8f7a3b4d5.sol,0,0,0,0,0,0,0
731,CodeSmell_OriginalFiles/6/0x1de2bfa2dfbca3af3848bfd9089ff84f447366f4.sol,0,0,0,0,0,0,0
732,CodeSmell_OriginalFiles/6/0x1de4b791c6c7230dffb6d1ecce8eef1ed7f631f9.sol,0,0,0,0,0,0,0
733,CodeSmell_OriginalFiles/6/0x1e025340d6f75a2a4ef81139049cfbf976782eeb.sol,0,0,0,0,0,0,0
734,CodeSmell_OriginalFiles/6/0x1e2fbe6be9eb39fc894d38be976111f332172d83.sol,0,0,0,0,0,0,0
735,CodeSmell_OriginalFiles/6/0x1f31d1168efe4bd22d00d31fc425e5bcb54c75e7.sol,0,1,0,0,0,0,0
736,CodeSmell_OriginalFiles/6/0x1f88888732d0943bb49f7573a8848814ff0a4090.sol,0,0,0,0,0,0,0
737,CodeSmell_OriginalFiles/6/0x1fc7bd85293f3982f40d52698df8d26be89360d6.sol,1,1,0,0,1,0,0
738,CodeSmell_OriginalFiles/6/0x2a0c0dbecc7e4d658f48e01e3fa353f44050c208.sol,1,0,0,0,0,0,0
739,CodeSmell_OriginalFiles/6/0x2af47a65da8cd66729b4209c22017d6a5c2d2400.sol,1,0,0,0,0,0,0
740,CodeSmell_OriginalFiles/6/0x2c1180e2818069e5a9f911e636fb8f3db5106a9f.sol,0,0,0,0,0,0,0
741,CodeSmell_OriginalFiles/6/0x2c3cc0f8dede2eccae43380ecf29b61fa6d10dca.sol,0,0,0,0,0,0,0
742,CodeSmell_OriginalFiles/6/0x2c6c596cfd4c2c3b039db90fd3c8acb564e13251.sol,0,0,0,0,0,0,0
743,CodeSmell_OriginalFiles/6/0x2ce4f2b9b3261cd95229d80dfc785d2edb4cfd1a.sol,0,0,0,0,0,0,0
744,CodeSmell_OriginalFiles/6/0x2e2e617e4625c6a30a3290dde5b689212ff061e8.sol,1,0,0,0,1,0,0
745,CodeSmell_OriginalFiles/6/0x2eefe55e7fd4546ce3451430aa4fdced0c4efe85.sol,0,0,0,0,0,0,0
746,CodeSmell_OriginalFiles/6/0x3aaa175924a77ee4b40606f714b727331e430ece.sol,0,0,0,0,0,0,0
747,CodeSmell_OriginalFiles/6/0x3ad158c1d0ba24eb86e4bc49a7944f08941ca7bc.sol,0,0,0,0,0,0,0
748,CodeSmell_OriginalFiles/6/0x3b5F11dBaC1476af17957C6e5991F21c826743dd.sol,0,0,0,0,0,0,0
749,CodeSmell_OriginalFiles/6/0x3b95e7496f55ecfd4d6db009879e3a8ce684940b.sol,0,0,0,0,0,0,0
750,CodeSmell_OriginalFiles/6/0x3bb62bada8f9921dcf0b1be5d2c972d69c064d84.sol,0,0,0,0,0,0,0
751,CodeSmell_OriginalFiles/6/0x3c7767011C443EfeF2187cf1F2a4c02062da3998.sol,0,0,0,0,0,0,0
752,CodeSmell_OriginalFiles/6/0x3cfc5c7fa8db91de8efd633998097f8e96eff043.sol,0,0,0,0,0,0,0
753,CodeSmell_OriginalFiles/6/0x3eb21f4678b352fcd8facf06b642c6720e04961b.sol,0,0,0,0,0,0,0
754,CodeSmell_OriginalFiles/6/0x3efb2bbdf798c5f9fe0dd932846fa1b031eac1fe.sol,0,0,0,0,0,0,0
755,CodeSmell_OriginalFiles/6/0x3f0a24a07b2d729a02640deb1d27cd00da72b799.sol,0,0,0,0,0,0,0
756,CodeSmell_OriginalFiles/6/0x4a412fe6e60949016457897f9170bb00078b89a3.sol,0,0,0,0,0,0,0
757,CodeSmell_OriginalFiles/6/0x4c1603e0834871ec3bab21d8db26de88db36bf9e.sol,0,0,0,0,0,0,0
758,CodeSmell_OriginalFiles/6/0x4d09c5e758ca68be27240f29fb681e5a5341ca98.sol,0,0,0,0,0,0,0
759,CodeSmell_OriginalFiles/6/0x4ddaf983302f451a5a6dc95af102335bf280d9a7.sol,0,0,0,0,0,0,0
760,CodeSmell_OriginalFiles/6/0x4e646a576917a6a47d5b0896c3e207693870869d.sol,0,0,0,0,0,0,0
761,CodeSmell_OriginalFiles/6/0x4f232a41b26bf07c37240f0cb3bde5727074a0f6.sol,0,0,0,0,0,0,0
762,CodeSmell_OriginalFiles/6/0xfcc5b18f1f51956e0abb411e7b86c76586ab4ef9.sol,0,0,0,0,0,0,0
763,CodeSmell_OriginalFiles/6/0xfd26d4fedea09da1bb2c4e410c747dda72fdb506.sol,0,0,0,0,0,0,0
764,CodeSmell_OriginalFiles/6/0xfd743691ac893000f29c893ba21ed46f465c4de4.sol,0,0,0,0,0,0,0
765,CodeSmell_OriginalFiles/6/0xfdf4411669fc6e8951a6ae987307d7582fda7a05.sol,0,0,0,0,0,0,0
766,CodeSmell_OriginalFiles/6/0xfe211f86be5de898c9ebffe2c2b1d49ee8460b7f.sol,1,0,0,0,0,0,0
767,CodeSmell_OriginalFiles/6/0xfea61dbc3b9882efcd139a5e28b32234b9c76aea.sol,1,1,0,0,1,1,0
768,CodeSmell_OriginalFiles/7/0x0214d7faA8145bDdb0fb4977980cE26AA1f95cEE.sol,0,0,0,0,0,0,0
769,CodeSmell_OriginalFiles/7/0x035a401972f228b58dcae76bf318b54ed036d680.sol,0,0,0,0,0,0,0
770,CodeSmell_OriginalFiles/7/0x040d11c850fb167cddb1e4d308fe9062fddaebd1.sol,0,0,0,0,0,0,0
771,CodeSmell_OriginalFiles/7/0x060e1e5ca588561431822e296aeab1fdecc893dc.sol,0,0,0,0,0,0,0
772,CodeSmell_OriginalFiles/7/0x06Ee3390532f493B4C3a41aA6E396ec750C038d7.sol,0,0,0,0,0,0,0
773,CodeSmell_OriginalFiles/7/0x075a5d77E17502ABa0388746aA229BB33682f521.sol,0,0,0,0,0,0,0
774,CodeSmell_OriginalFiles/7/0x08fca9bfaed36c29ee3435206158f13dedf4a859.sol,0,0,0,0,0,0,0
775,CodeSmell_OriginalFiles/7/0x090fC358FA1a992C083590c7dd33Ad5208A02e9d.sol,0,0,0,0,0,0,0
776,CodeSmell_OriginalFiles/7/0x092d3374f942bb4a99ce64f37fa7e661fdd1e74c.sol,0,0,0,0,0,0,0
777,CodeSmell_OriginalFiles/7/0x103c2c150a2dbcc277ee084c59881978060c8c22.sol,0,0,0,0,0,0,0
778,CodeSmell_OriginalFiles/7/0x10b7d09dca7f9c6d33a9aeef5bf2bb5ce3ec1550.sol,1,1,0,0,1,0,0
779,CodeSmell_OriginalFiles/7/0x10e32d84d8bd44b68e99c6fe147ef2ba63e6ae22.sol,0,0,0,0,0,0,0
780,CodeSmell_OriginalFiles/7/0x11d4ec0991951b5ea20a1f3bf0c9e36e054b1e55.sol,0,0,0,0,0,0,0
781,CodeSmell_OriginalFiles/7/0x129acbb3ad1a3ad13fec0fc7ca26811a487e14c9.sol,0,0,0,0,0,0,0
782,CodeSmell_OriginalFiles/7/0x12b58582694d1f854ce2a947b27be598569fbc92.sol,0,0,0,0,0,0,0
783,CodeSmell_OriginalFiles/7/0x13ce614e9d7ce609dedba1b42ba2163426ba5ace.sol,0,0,0,0,0,0,0
784,CodeSmell_OriginalFiles/7/0x13ea82d5e1a811f55bda9c86fdd6195a6bd23aed.sol,0,0,0,0,0,0,0
785,CodeSmell_OriginalFiles/7/0x14a3f4795076c0ae67c2aa9efc10e58427a00dff.sol,0,0,0,0,0,0,0
786,CodeSmell_OriginalFiles/7/0x14c6c5b52827b9fffef52e08ee2479498e5c9cf3.sol,0,0,0,0,0,0,0
787,CodeSmell_OriginalFiles/7/0x14cf6193935b17fc72649ba420fdd5bfdf1f0001.sol,1,1,0,0,0,0,0
788,CodeSmell_OriginalFiles/7/0x14f109d126c58b5bf55cdc51b9bd90b21e6a6de5.sol,0,0,0,0,0,0,0
789,CodeSmell_OriginalFiles/7/0x155E7e9ab193Aa37c87D22f66002e3dB64C9E0Ce.sol,0,0,0,0,0,0,0
790,CodeSmell_OriginalFiles/7/0x15dbdB25f870f21eaf9105e68e249E0426DaE916.sol,0,0,0,0,0,0,0
791,CodeSmell_OriginalFiles/7/0x16a0772b17ae004e6645e0e95bf50ad69498a34e.sol,0,0,0,0,0,0,0
792,CodeSmell_OriginalFiles/7/0x173fc908b21b861facf54c65c10002b1e2f9c323.sol,0,0,0,0,0,0,0
793,CodeSmell_OriginalFiles/7/0x19d7a9ad3b49252fd2ef640d0e43dfd651168499.sol,0,1,0,0,1,0,0
794,CodeSmell_OriginalFiles/7/0x208d6ed75f6aacdb9c71099c0943736fddbf5989.sol,0,0,0,0,0,0,0
795,CodeSmell_OriginalFiles/7/0x218aa06eabc62f2668b0a1e1307d9f7ec47d29a2.sol,0,0,0,0,0,0,0
796,CodeSmell_OriginalFiles/7/0x23a20f8e0b5c79f39a2b4395a610a60fb30bc71d.sol,0,0,0,0,0,0,0
797,CodeSmell_OriginalFiles/7/0x26d08b9d227933a85e855656dc46ab889e183c88.sol,1,1,0,0,1,0,0
798,CodeSmell_OriginalFiles/7/0x27ba31d1f1219ba326a30c9fb9e17fb4d6a364a7.sol,0,0,0,0,0,0,0
799,CodeSmell_OriginalFiles/7/0x29aa20fB9b23421E310BDB8a7cfB81d7fbB4a1b3.sol,0,0,0,0,0,0,0
800,CodeSmell_OriginalFiles/7/0x30cc0e266cf33b8eac6a99cbd98e39b890cfd69b.sol,1,0,0,0,0,0,0
801,CodeSmell_OriginalFiles/7/0x30cefbcb5c26a5b19a019092ab8d09f8739c904f.sol,0,0,0,0,0,0,0
802,CodeSmell_OriginalFiles/7/0x32bacc8b241fb172fee18bda32527126c6f3c5f7.sol,0,0,0,0,0,0,0
803,CodeSmell_OriginalFiles/7/0x33a22bcafd6ef4e4a5e322f9a3910298a3c043a8.sol,0,0,0,0,0,0,0
804,CodeSmell_OriginalFiles/7/0x33a275B9cd129b34e5f0693D82d6d3Db26B0C3a0.sol,0,0,0,0,0,0,0
805,CodeSmell_OriginalFiles/7/0x33a4b06a3ecc62062ecf3646eff39f952c8fffc9.sol,0,0,0,0,0,0,0
806,CodeSmell_OriginalFiles/7/0x34f940a0311f6f6015fee8ddc1e2eb7985202690.sol,0,0,0,0,0,0,0
807,CodeSmell_OriginalFiles/7/0x35a69642857083ba2f30bfab735dacc7f0bac969.sol,0,0,0,0,0,0,0
808,CodeSmell_OriginalFiles/7/0x35d82234a9f2cfe1dc2fb7665c785e1755cfd559.sol,0,0,0,0,0,0,0
809,CodeSmell_OriginalFiles/7/0x37a5bb09f4d7613803f6bdd52d261c01ec2a7540.sol,0,0,0,0,0,0,0
810,CodeSmell_OriginalFiles/7/0x39df5af51c47256e5c63b3dae1a21f3da4a58e89.sol,0,0,0,0,0,0,0
811,CodeSmell_OriginalFiles/7/0x41ff0796a6c7a201476bff53c4cb2c48b084e5e0.sol,0,0,0,0,0,0,0
812,CodeSmell_OriginalFiles/7/0x45aaf948ca47329f0059facb78806f1c63a3d197.sol,0,0,0,0,0,0,0
813,CodeSmell_OriginalFiles/7/0x45d147c800d401350b24fc1cd5fbc98040b177c8.sol,1,1,0,0,0,0,0
814,CodeSmell_OriginalFiles/7/0x47d47c1f174bf9e7322974998e62968cec96257c.sol,0,0,0,0,0,0,0
815,CodeSmell_OriginalFiles/7/0x48EB12C0DDc5163E8693F3029A14440442Df2710.sol,0,0,0,0,0,0,0
816,CodeSmell_OriginalFiles/7/0x48d8f22d45e40F34cB7C10799F31246F134E9B7f.sol,0,0,0,0,0,0,0
817,CodeSmell_OriginalFiles/7/0x49fddeae0b521dab8d0c4b77e7161094f971320d.sol,0,0,0,0,0,0,0
818,CodeSmell_OriginalFiles/7/0x50fcf0396874f1d4a4d243e8bb4c370c97f119bf.sol,0,0,0,0,0,0,0
819,CodeSmell_OriginalFiles/7/0x52e34238bacb8730d4804637891c87656b5407d5.sol,1,0,0,0,1,0,0
820,CodeSmell_OriginalFiles/7/0x53a54c442583d2e844733f179d142c32f3c004b7.sol,1,0,0,0,0,0,0
821,CodeSmell_OriginalFiles/7/0x53e3a7ec57132173ce615debb9a303fd2cd86789.sol,0,0,0,0,0,0,0
822,CodeSmell_OriginalFiles/7/0x55D5B8fE471cc4e19D7f0fc17D7a98c0C72A5688.sol,0,0,0,0,0,0,0
823,CodeSmell_OriginalFiles/8/0x00430f32b8e77a456d0ab7e6f1dc1b84f4ae62e0.sol,0,0,0,0,0,0,0
824,CodeSmell_OriginalFiles/8/0x01617196358c14628d032f9c5f7188f2fbcafd78.sol,0,0,0,0,0,0,0
825,CodeSmell_OriginalFiles/8/0x0348b55abd6e1a99c6ebc972a6a4582ec0bceb5c.sol,0,0,0,0,0,0,0
826,CodeSmell_OriginalFiles/8/0x05580ac8bdcdecee70c39592cd07c303992d58b8.sol,0,0,0,0,0,0,0
827,CodeSmell_OriginalFiles/8/0x06012c8cf97bead5deae237070f9587f8e7a266d.sol,0,0,0,0,0,0,0
828,CodeSmell_OriginalFiles/8/0x09678741bd50c3e74301f38fbd0136307099ae5d.sol,1,0,0,0,0,0,0
829,CodeSmell_OriginalFiles/8/0x11524a168d1b888df781a87a6b4511f199b543ad.sol,0,0,0,0,0,0,0
830,CodeSmell_OriginalFiles/8/0x141766882733cafa9033e8707548fdcac908db22.sol,0,0,0,0,0,0,0
831,CodeSmell_OriginalFiles/8/0x16885883e2785C56D279636b45fB85d8F9B0db23.sol,1,1,0,0,1,0,0
832,CodeSmell_OriginalFiles/8/0x1748255382157bc5d4ed7e70c56afc5c97bddf07.sol,0,0,0,0,0,0,0
833,CodeSmell_OriginalFiles/8/0x2128ed30ffef264f70f2d6237108f8aa02fb3b64.sol,0,0,0,0,0,0,0
834,CodeSmell_OriginalFiles/8/0x219218f117dc9348b358b8471c55a073e5e0da0b.sol,0,0,0,0,0,0,0
835,CodeSmell_OriginalFiles/8/0x22164e957ac4c0cb0f19c49b05e627675436dfe1.sol,0,0,0,0,0,0,0
836,CodeSmell_OriginalFiles/8/0x225ad9683005ce6fde4eae78c7ed91a499182378.sol,0,0,0,0,0,0,0
837,CodeSmell_OriginalFiles/8/0x23166b7900d968f2A2100829b0A19540aa2f7cf1.sol,0,0,0,0,0,0,0
838,CodeSmell_OriginalFiles/8/0x27218c41e1054dc0484acd2ad35def0ffd17782a.sol,0,0,0,0,0,0,0
839,CodeSmell_OriginalFiles/8/0x276f5da0f6c7b55129570ac7195e6e65122a4cd0.sol,0,0,0,0,1,0,0
840,CodeSmell_OriginalFiles/8/0x286bda1413a2df81731d4930ce2f862a35a609fe.sol,0,0,0,0,0,0,0
841,CodeSmell_OriginalFiles/8/0x286e052bc8250250566683424001ee5224867d91.sol,0,0,0,0,0,0,0
842,CodeSmell_OriginalFiles/8/0x30407ece7f4252a7e2d786207831561b33ec3f13.sol,0,0,0,0,0,0,0
843,CodeSmell_OriginalFiles/8/0x30758B708a2A31C3ab7dE6B8637adBed725e33aE.sol,0,0,0,0,0,0,0
844,CodeSmell_OriginalFiles/8/0x3076d20cef23cf934fc6f857eb97e2baa63fc9fb.sol,0,0,0,0,0,0,0
845,CodeSmell_OriginalFiles/8/0x311d745582a97be5d7abbce48855ecec72737c5d.sol,0,0,0,0,0,0,0
846,CodeSmell_OriginalFiles/8/0x320274f5dd332cc3b617b360e8554d95a0b96978.sol,0,0,0,0,0,0,0
847,CodeSmell_OriginalFiles/8/0x3339ec512996fcdfacae2fbe941b6820f2c4e8b2.sol,0,1,0,0,0,0,0
848,CodeSmell_OriginalFiles/8/0x336db6c1ead9cc4d5b0a33ac03c057e20640126a.sol,0,0,0,0,0,0,0
849,CodeSmell_OriginalFiles/8/0x338649003ff30194be899100b67a00bbcd62af67.sol,0,0,0,0,0,0,0
850,CodeSmell_OriginalFiles/8/0x357f07ac89ee6329a70ca837d6bfc16b0275015f.sol,0,1,0,0,1,0,0
851,CodeSmell_OriginalFiles/8/0x365267181bc0ef38bbb8d8ca9b330dc0c3ac01d1.sol,0,0,0,0,0,0,0
852,CodeSmell_OriginalFiles/8/0x371715dda4cf2b4ca22c5995da8a86bc7c21837e.sol,0,0,0,0,0,0,0
853,CodeSmell_OriginalFiles/8/0x3726cc0cdb26106bfb297ee6697da2a8687f385b.sol,0,0,0,0,0,0,0
854,CodeSmell_OriginalFiles/8/0x373c55c277b866a69dc047cad488154ab9759466.sol,0,0,0,0,0,0,0
855,CodeSmell_OriginalFiles/8/0x3774cc78af0bda8eacbdac6be5fb23261b8efaa7.sol,0,0,0,0,0,0,0
856,CodeSmell_OriginalFiles/8/0x388a037ab169b128e70cf67e1228ecd03f0400f2.sol,0,0,0,0,0,0,0
857,CodeSmell_OriginalFiles/8/0x39139b54e733d01fd0b46fdb32cf45e08696541c.sol,0,0,0,0,0,0,0
858,CodeSmell_OriginalFiles/8/0x39173925e7c7a07dc7a6afbf1dffd0179de18c27.sol,1,0,0,0,1,0,0
859,CodeSmell_OriginalFiles/8/0x402b92b00552409ed1ad83a74ff037ce1a3d7276.sol,0,0,0,0,0,0,0
860,CodeSmell_OriginalFiles/8/0x4290563C2D7c255B5EEC87f2D3bD10389f991d68.sol,0,0,0,0,0,0,0
861,CodeSmell_OriginalFiles/8/0x4490f9807965c49a2471bd7b121a80f0b3861e5c.sol,0,0,0,0,0,0,0
862,CodeSmell_OriginalFiles/8/0x472b76c61aa0eb8134a8eb1220c2598f33ce6b67.sol,0,0,0,0,0,0,0
863,CodeSmell_OriginalFiles/8/0x476c331d7f6569dc4bd16ef6673f7a89cd6f37c3.sol,0,0,0,0,0,0,0
864,CodeSmell_OriginalFiles/8/0x491559dd3dfdbca13edc74569e86c8a0d517975b.sol,0,0,0,0,1,0,0
865,CodeSmell_OriginalFiles/8/0x49516fe7bdc54b29a7f95ff55fdd38d9228e55af.sol,0,0,0,0,0,0,0
866,CodeSmell_OriginalFiles/8/0x5019066b46ae4b8673085b609be366400f53871b.sol,0,0,0,0,0,0,0
867,CodeSmell_OriginalFiles/8/0x5052787b0B9cEC67442E2FF43D2176693377Bc5A.sol,0,0,0,0,0,0,0
868,CodeSmell_OriginalFiles/8/0x51036b0029e95ecbce4784df0a87987d1092ec7d.sol,0,0,0,0,0,0,0
869,CodeSmell_OriginalFiles/8/0x52519fd6cb827ec77e961c76c9b326470703d0a8.sol,0,0,0,0,0,0,0
870,CodeSmell_OriginalFiles/8/0x525aEEf9Af9ae896179EE287e024a40cF5FC7655.sol,0,0,0,0,0,0,0
871,CodeSmell_OriginalFiles/8/0x53570f9db0d81af09d9ef418e37e025668eed05f.sol,0,0,0,0,0,0,0
872,CodeSmell_OriginalFiles/8/0x535ab96be208f115302facee73ae976e9174ac0b.sol,0,0,0,0,0,0,0
873,CodeSmell_OriginalFiles/8/0x54186df214506ff5613196170d1bd576895193ab.sol,0,0,0,0,0,0,0
874,CodeSmell_OriginalFiles/8/0x55648de19836338549130b1af587f16bea46f66b.sol,0,0,0,0,0,0,0
875,CodeSmell_OriginalFiles/8/0x558c62533def5e9d77a7e555490c0E2889EaCF3A.sol,0,0,0,0,0,0,0
