filename,Reentrancy,Integer_Overflow_Underflow,Access_Control,Timestamp_Dependence,Transaction_Ordering_Dependence_Front_Running,tx_origin,Unchecked_Low_Level_Calls
CodeSmell_OriginalFiles/0x00430f32b8e77a456d0ab7e6f1dc1b84f4ae62e0.sol,[],[],[],[],[],[],[]
CodeSmell_OriginalFiles/0x01617196358c14628d032f9c5f7188f2fbcafd78.sol,[],[],[],[],[],[],['Slither']
CodeSmell_OriginalFiles/0x01bd70a0cc118bca4c70624286488e8f3d78a10f.sol,[],[],[],[],[],[],['Slither']
CodeSmell_OriginalFiles/0x01d5d0108589f3c52fcce6e65503bb6515e66698.sol,[],[],[],['Osiris'],[],[],[]
CodeSmell_OriginalFiles/0x0214d7faA8145bDdb0fb4977980cE26AA1f95cEE.sol,[],[],[],[],[],[],[]
CodeSmell_OriginalFiles/0x0348b55abd6e1a99c6ebc972a6a4582ec0bceb5c.sol,[],['Osiris'],[],[],[],[],[]
CodeSmell_OriginalFiles/0x035a401972f228b58dcae76bf318b54ed036d680.sol,[],"['Osiris', 'Oyente']",[],[],[],[],['Slither']
CodeSmell_OriginalFiles/0x040d11c850fb167cddb1e4d308fe9062fddaebd1.sol,[],"['Osiris', 'Oyente']",[],[],[],[],['Slither']
CodeSmell_OriginalFiles/0x05580ac8bdcdecee70c39592cd07c303992d58b8.sol,[],[],[],[],[],[],[]
CodeSmell_OriginalFiles/0x05d379b48A8622ae4018309E116420Db4a38A225.sol,[],[],[],[],[],[],[]
CodeSmell_OriginalFiles/0x06012c8cf97bead5deae237070f9587f8e7a266d.sol,['Slither'],"['Osiris', 'Oyente']",[],['Osiris'],[],[],[]
CodeSmell_OriginalFiles/0x060e1e5ca588561431822e296aeab1fdecc893dc.sol,[],[],[],[],[],[],[]
CodeSmell_OriginalFiles/0x06Ee3390532f493B4C3a41aA6E396ec750C038d7.sol,[],[],[],[],[],[],['Slither']
CodeSmell_OriginalFiles/0x075a5d77E17502ABa0388746aA229BB33682f521.sol,[],['Oyente'],[],[],[],[],[]
CodeSmell_OriginalFiles/0x08fca9bfaed36c29ee3435206158f13dedf4a859.sol,[],"['Osiris', 'Oyente']",[],[],[],[],['Slither']
CodeSmell_OriginalFiles/0x090fC358FA1a992C083590c7dd33Ad5208A02e9d.sol,[],[],[],[],[],[],[]
CodeSmell_OriginalFiles/0x092d3374f942bb4a99ce64f37fa7e661fdd1e74c.sol,['Slither'],[],[],[],[],[],[]
CodeSmell_OriginalFiles/0x09678741bd50c3e74301f38fbd0136307099ae5d.sol,[],['Oyente'],[],"['Oyente', 'Slither']",[],[],[]
CodeSmell_OriginalFiles/0x0E915b35cC269b2DfC8BbD8E4A88Ed4884a53EfC.sol,['Slither'],['Osiris'],[],[],[],[],[]
CodeSmell_OriginalFiles/0x0F4caFDCE3737601C598BcFD4Bbd69F75786bA40.sol,['Slither'],['Oyente'],[],[],[],[],[]
CodeSmell_OriginalFiles/0x0b1724cc9fda0186911ef6a75949e9c0d3f0f2f3.sol,[],[],[],[],[],[],[]
CodeSmell_OriginalFiles/0x0b6bc31fe6839ec3b8cfc98819cec7fa64158a8f.sol,[],[],[],[],[],[],['Slither']
CodeSmell_OriginalFiles/0x0b9e9c56ec900fbea85546444458d3c31ab60572.sol,[],[],[],[],[],[],[]
CodeSmell_OriginalFiles/0x0dE2aD05856f8F5bfD8284D540a5d8C3AEc4dC9A.sol,[],[],[],[],[],[],[]
CodeSmell_OriginalFiles/0x0dcfdb9f5496ed7f62dd0ac019c7daf184a66aef.sol,[],[],[],[],[],[],[]
CodeSmell_OriginalFiles/0x0f598112679b78e17a4a9febc83703710d33489c.sol,[],[],[],[],[],[],[]
CodeSmell_OriginalFiles/0x0f5d2fb29fb7d3cfee444a200298f468908cc942.sol,[],[],[],[],[],[],[]
CodeSmell_OriginalFiles/0x103c2c150a2dbcc277ee084c59881978060c8c22.sol,[],"['Osiris', 'Oyente']",[],[],[],[],[]
CodeSmell_OriginalFiles/0x10b7d09dca7f9c6d33a9aeef5bf2bb5ce3ec1550.sol,[],[],[],[],[],[],[]
CodeSmell_OriginalFiles/0x10e32d84d8bd44b68e99c6fe147ef2ba63e6ae22.sol,[],[],[],[],[],[],[]
CodeSmell_OriginalFiles/0x11524a168d1b888df781a87a6b4511f199b543ad.sol,[],['Oyente'],[],[],[],[],[]
CodeSmell_OriginalFiles/0x11d4ec0991951b5ea20a1f3bf0c9e36e054b1e55.sol,[],[],[],[],[],[],['Slither']
CodeSmell_OriginalFiles/0x129acbb3ad1a3ad13fec0fc7ca26811a487e14c9.sol,[],[],[],[],[],[],[]
CodeSmell_OriginalFiles/0x12b58582694d1f854ce2a947b27be598569fbc92.sol,[],[],[],[],[],[],['Slither']
CodeSmell_OriginalFiles/0x13ce614e9d7ce609dedba1b42ba2163426ba5ace.sol,[],[],[],[],[],[],[]
CodeSmell_OriginalFiles/0x13ea82d5e1a811f55bda9c86fdd6195a6bd23aed.sol,[],[],[],[],[],[],[]
CodeSmell_OriginalFiles/0x141766882733cafa9033e8707548fdcac908db22.sol,['Slither'],['Osiris'],[],[],[],[],[]
CodeSmell_OriginalFiles/0x14a3f4795076c0ae67c2aa9efc10e58427a00dff.sol,[],"['Osiris', 'Oyente']",[],[],[],[],[]
CodeSmell_OriginalFiles/0x14c6c5b52827b9fffef52e08ee2479498e5c9cf3.sol,[],[],[],[],[],[],['Slither']
CodeSmell_OriginalFiles/0x14cf6193935b17fc72649ba420fdd5bfdf1f0001.sol,"['Osiris', 'Oyente', 'Slither']","['Osiris', 'Oyente']",[],['Oyente'],[],[],['Slither']
CodeSmell_OriginalFiles/0x14f109d126c58b5bf55cdc51b9bd90b21e6a6de5.sol,[],[],[],[],[],[],[]
CodeSmell_OriginalFiles/0x155E7e9ab193Aa37c87D22f66002e3dB64C9E0Ce.sol,[],['Oyente'],[],[],[],[],[]
CodeSmell_OriginalFiles/0x15dbdB25f870f21eaf9105e68e249E0426DaE916.sol,[],[],[],[],[],[],[]
CodeSmell_OriginalFiles/0x16885883e2785C56D279636b45fB85d8F9B0db23.sol,['Slither'],"['Osiris', 'Oyente']",[],['Osiris'],[],[],[]
CodeSmell_OriginalFiles/0x16a0772b17ae004e6645e0e95bf50ad69498a34e.sol,[],"['Osiris', 'Oyente']",[],[],[],[],['Slither']
CodeSmell_OriginalFiles/0x173fc908b21b861facf54c65c10002b1e2f9c323.sol,[],[],[],[],[],[],[]
CodeSmell_OriginalFiles/0x1748255382157bc5d4ed7e70c56afc5c97bddf07.sol,[],['Osiris'],[],[],[],[],[]
CodeSmell_OriginalFiles/0x19d7a9ad3b49252fd2ef640d0e43dfd651168499.sol,['Slither'],[],[],[],[],[],[]
CodeSmell_OriginalFiles/0x1b8f71e4eec8df98598bbc3093cafeb57c7109ae.sol,[],[],[],[],[],[],[]
CodeSmell_OriginalFiles/0x1bb28e79f2482df6bf60efc7a33365703bcf1536.sol,[],[],[],[],[],[],[]
CodeSmell_OriginalFiles/0x1c02ce498dc6d0d6ef05a253e021258b07eeba91.sol,[],[],[],[],[],[],[]
CodeSmell_OriginalFiles/0x1cE7AE555139c5EF5A57CC8d814a867ee6Ee33D8.sol,['Slither'],[],[],[],[],[],['Slither']
CodeSmell_OriginalFiles/0x1cf6949F4B661018B3195f3FF98effe12f587263.sol,[],['Oyente'],[],[],[],[],[]
CodeSmell_OriginalFiles/0x1d840cb510f084e6154c85d14d98cdc8f7a3b4d5.sol,[],['Oyente'],[],['Osiris'],[],[],[]
CodeSmell_OriginalFiles/0x1de2bfa2dfbca3af3848bfd9089ff84f447366f4.sol,['Slither'],[],[],[],[],[],[]
CodeSmell_OriginalFiles/0x1de4b791c6c7230dffb6d1ecce8eef1ed7f631f9.sol,['Slither'],[],[],[],[],[],[]
CodeSmell_OriginalFiles/0x1e025340d6f75a2a4ef81139049cfbf976782eeb.sol,['Slither'],"['Osiris', 'Oyente']",[],['Oyente'],[],[],[]
CodeSmell_OriginalFiles/0x1e2fbe6be9eb39fc894d38be976111f332172d83.sol,"['Osiris', 'Slither']",[],[],[],[],[],['Slither']
CodeSmell_OriginalFiles/0x1f31d1168efe4bd22d00d31fc425e5bcb54c75e7.sol,[],"['Osiris', 'Oyente']",[],[],[],[],[]
CodeSmell_OriginalFiles/0x1f88888732d0943bb49f7573a8848814ff0a4090.sol,[],[],[],[],[],[],[]
CodeSmell_OriginalFiles/0x1fc7bd85293f3982f40d52698df8d26be89360d6.sol,['Slither'],['Osiris'],[],[],[],[],[]
CodeSmell_OriginalFiles/0x208d6ed75f6aacdb9c71099c0943736fddbf5989.sol,[],"['Osiris', 'Oyente']",[],[],[],[],['Slither']
CodeSmell_OriginalFiles/0x2128ed30ffef264f70f2d6237108f8aa02fb3b64.sol,[],[],[],[],[],[],['Slither']
CodeSmell_OriginalFiles/0x218aa06eabc62f2668b0a1e1307d9f7ec47d29a2.sol,[],[],[],[],[],[],['Slither']
CodeSmell_OriginalFiles/0x219218f117dc9348b358b8471c55a073e5e0da0b.sol,[],['Osiris'],[],[],[],[],[]
CodeSmell_OriginalFiles/0x22164e957ac4c0cb0f19c49b05e627675436dfe1.sol,['Slither'],"['Osiris', 'Oyente']",[],['Oyente'],[],[],[]
CodeSmell_OriginalFiles/0x225ad9683005ce6fde4eae78c7ed91a499182378.sol,[],"['Osiris', 'Oyente']",[],[],[],[],[]
CodeSmell_OriginalFiles/0x23166b7900d968f2A2100829b0A19540aa2f7cf1.sol,[],[],[],[],[],[],[]
CodeSmell_OriginalFiles/0x23a20f8e0b5c79f39a2b4395a610a60fb30bc71d.sol,[],[],[],[],[],[],[]
CodeSmell_OriginalFiles/0x26d08b9d227933a85e855656dc46ab889e183c88.sol,['Slither'],[],[],[],[],[],[]
CodeSmell_OriginalFiles/0x27218c41e1054dc0484acd2ad35def0ffd17782a.sol,['Slither'],[],[],"['Oyente', 'Slither']",[],[],[]
CodeSmell_OriginalFiles/0x276f5da0f6c7b55129570ac7195e6e65122a4cd0.sol,[],[],[],[],[],[],[]
CodeSmell_OriginalFiles/0x27ba31d1f1219ba326a30c9fb9e17fb4d6a364a7.sol,[],[],[],[],[],[],[]
CodeSmell_OriginalFiles/0x286bda1413a2df81731d4930ce2f862a35a609fe.sol,[],[],[],[],[],[],[]
CodeSmell_OriginalFiles/0x286e052bc8250250566683424001ee5224867d91.sol,[],"['Osiris', 'Oyente']",[],[],[],[],[]
CodeSmell_OriginalFiles/0x29aa20fB9b23421E310BDB8a7cfB81d7fbB4a1b3.sol,['Slither'],['Osiris'],[],[],[],[],[]
CodeSmell_OriginalFiles/0x2a0c0dbecc7e4d658f48e01e3fa353f44050c208.sol,['Slither'],[],[],[],[],[],[]
CodeSmell_OriginalFiles/0x2af47a65da8cd66729b4209c22017d6a5c2d2400.sol,['Slither'],"['Osiris', 'Oyente']",[],[],[],[],['Slither']
CodeSmell_OriginalFiles/0x2c1180e2818069e5a9f911e636fb8f3db5106a9f.sol,[],[],[],[],[],[],[]
CodeSmell_OriginalFiles/0x2c3cc0f8dede2eccae43380ecf29b61fa6d10dca.sol,[],[],[],[],[],[],[]
CodeSmell_OriginalFiles/0x2c6c596cfd4c2c3b039db90fd3c8acb564e13251.sol,"['Osiris', 'Slither']","['Osiris', 'Oyente']",[],[],[],[],[]
CodeSmell_OriginalFiles/0x2ce4f2b9b3261cd95229d80dfc785d2edb4cfd1a.sol,[],[],[],[],[],[],[]
CodeSmell_OriginalFiles/0x2e2e617e4625c6a30a3290dde5b689212ff061e8.sol,[],[],[],[],[],[],[]
CodeSmell_OriginalFiles/0x2eefe55e7fd4546ce3451430aa4fdced0c4efe85.sol,[],[],[],[],[],[],[]
CodeSmell_OriginalFiles/0x30407ece7f4252a7e2d786207831561b33ec3f13.sol,[],[],[],[],[],[],[]
CodeSmell_OriginalFiles/0x30758B708a2A31C3ab7dE6B8637adBed725e33aE.sol,[],[],[],[],[],[],['Slither']
CodeSmell_OriginalFiles/0x3076d20cef23cf934fc6f857eb97e2baa63fc9fb.sol,[],[],[],[],[],[],[]
CodeSmell_OriginalFiles/0x30cc0e266cf33b8eac6a99cbd98e39b890cfd69b.sol,[],[],[],[],[],[],[]
CodeSmell_OriginalFiles/0x30cefbcb5c26a5b19a019092ab8d09f8739c904f.sol,[],['Oyente'],[],['Oyente'],[],[],[]
CodeSmell_OriginalFiles/0x311d745582a97be5d7abbce48855ecec72737c5d.sol,['Slither'],[],[],[],[],[],[]
CodeSmell_OriginalFiles/0x320274f5dd332cc3b617b360e8554d95a0b96978.sol,['Slither'],[],[],[],[],[],[]
CodeSmell_OriginalFiles/0x32bacc8b241fb172fee18bda32527126c6f3c5f7.sol,['Slither'],"['Osiris', 'Oyente']",[],[],[],[],['Slither']
CodeSmell_OriginalFiles/0x3339ec512996fcdfacae2fbe941b6820f2c4e8b2.sol,[],"['Osiris', 'Oyente']",[],"['Osiris', 'Oyente']",[],[],[]
CodeSmell_OriginalFiles/0x336db6c1ead9cc4d5b0a33ac03c057e20640126a.sol,[],"['Osiris', 'Oyente']",[],[],[],[],[]
CodeSmell_OriginalFiles/0x338649003ff30194be899100b67a00bbcd62af67.sol,[],[],[],[],[],[],[]
CodeSmell_OriginalFiles/0x33a22bcafd6ef4e4a5e322f9a3910298a3c043a8.sol,[],[],[],[],[],[],['Slither']
CodeSmell_OriginalFiles/0x33a275B9cd129b34e5f0693D82d6d3Db26B0C3a0.sol,['Slither'],[],[],[],[],[],[]
CodeSmell_OriginalFiles/0x33a4b06a3ecc62062ecf3646eff39f952c8fffc9.sol,[],[],[],[],[],[],['Slither']
CodeSmell_OriginalFiles/0x34f940a0311f6f6015fee8ddc1e2eb7985202690.sol,[],[],[],[],[],[],[]
CodeSmell_OriginalFiles/0x357f07ac89ee6329a70ca837d6bfc16b0275015f.sol,['Slither'],['Osiris'],[],[],[],[],[]
CodeSmell_OriginalFiles/0x35a69642857083ba2f30bfab735dacc7f0bac969.sol,[],[],[],[],[],[],[]
CodeSmell_OriginalFiles/0x35d82234a9f2cfe1dc2fb7665c785e1755cfd559.sol,[],"['Osiris', 'Oyente']",[],[],[],[],['Slither']
CodeSmell_OriginalFiles/0x365267181bc0ef38bbb8d8ca9b330dc0c3ac01d1.sol,[],[],[],[],[],[],[]
CodeSmell_OriginalFiles/0x371715dda4cf2b4ca22c5995da8a86bc7c21837e.sol,[],[],[],[],[],[],[]
CodeSmell_OriginalFiles/0x3726cc0cdb26106bfb297ee6697da2a8687f385b.sol,[],"['Osiris', 'Oyente']",[],[],[],[],[]
CodeSmell_OriginalFiles/0x373c55c277b866a69dc047cad488154ab9759466.sol,['Slither'],[],[],[],[],[],['Slither']
CodeSmell_OriginalFiles/0x3774cc78af0bda8eacbdac6be5fb23261b8efaa7.sol,[],[],[],[],[],[],['Slither']
CodeSmell_OriginalFiles/0x37a5bb09f4d7613803f6bdd52d261c01ec2a7540.sol,[],[],[],[],[],[],['Slither']
CodeSmell_OriginalFiles/0x388a037ab169b128e70cf67e1228ecd03f0400f2.sol,[],[],[],[],[],[],[]
CodeSmell_OriginalFiles/0x39139b54e733d01fd0b46fdb32cf45e08696541c.sol,[],[],[],[],[],[],[]
CodeSmell_OriginalFiles/0x39173925e7c7a07dc7a6afbf1dffd0179de18c27.sol,[],[],[],[],[],[],[]
CodeSmell_OriginalFiles/0x39df5af51c47256e5c63b3dae1a21f3da4a58e89.sol,['Slither'],[],[],[],[],[],[]
CodeSmell_OriginalFiles/0x3aaa175924a77ee4b40606f714b727331e430ece.sol,['Slither'],['Osiris'],[],[],[],[],[]
CodeSmell_OriginalFiles/0x3ad158c1d0ba24eb86e4bc49a7944f08941ca7bc.sol,[],[],[],[],[],[],['Slither']
CodeSmell_OriginalFiles/0x3b5F11dBaC1476af17957C6e5991F21c826743dd.sol,[],[],[],[],[],[],['Slither']
CodeSmell_OriginalFiles/0x3b95e7496f55ecfd4d6db009879e3a8ce684940b.sol,[],[],[],[],[],[],[]
CodeSmell_OriginalFiles/0x3bb62bada8f9921dcf0b1be5d2c972d69c064d84.sol,['Slither'],"['Osiris', 'Oyente']",[],"['Osiris', 'Oyente']",[],[],['Slither']
CodeSmell_OriginalFiles/0x3c7767011C443EfeF2187cf1F2a4c02062da3998.sol,[],"['Osiris', 'Oyente']",[],"['Osiris', 'Oyente']",[],[],[]
CodeSmell_OriginalFiles/0x3cfc5c7fa8db91de8efd633998097f8e96eff043.sol,[],[],[],[],[],[],['Slither']
CodeSmell_OriginalFiles/0x3eb21f4678b352fcd8facf06b642c6720e04961b.sol,[],[],[],[],[],[],[]
CodeSmell_OriginalFiles/0x3efb2bbdf798c5f9fe0dd932846fa1b031eac1fe.sol,[],[],[],[],[],[],[]
CodeSmell_OriginalFiles/0x3f0a24a07b2d729a02640deb1d27cd00da72b799.sol,[],"['Osiris', 'Oyente']",[],[],[],[],['Slither']
CodeSmell_OriginalFiles/0x402b92b00552409ed1ad83a74ff037ce1a3d7276.sol,['Slither'],['Osiris'],[],[],[],[],[]
CodeSmell_OriginalFiles/0x41ff0796a6c7a201476bff53c4cb2c48b084e5e0.sol,['Slither'],[],[],[],[],[],['Slither']
CodeSmell_OriginalFiles/0x4290563C2D7c255B5EEC87f2D3bD10389f991d68.sol,[],[],[],[],[],[],[]
CodeSmell_OriginalFiles/0x4490f9807965c49a2471bd7b121a80f0b3861e5c.sol,[],[],[],[],[],[],[]
CodeSmell_OriginalFiles/0x45aaf948ca47329f0059facb78806f1c63a3d197.sol,['Slither'],[],[],[],[],[],[]
CodeSmell_OriginalFiles/0x45d147c800d401350b24fc1cd5fbc98040b177c8.sol,"['Osiris', 'Slither']",[],[],[],[],[],['Slither']
CodeSmell_OriginalFiles/0x472b76c61aa0eb8134a8eb1220c2598f33ce6b67.sol,[],[],[],[],[],[],[]
CodeSmell_OriginalFiles/0x476c331d7f6569dc4bd16ef6673f7a89cd6f37c3.sol,[],"['Osiris', 'Oyente']",[],[],[],[],[]
CodeSmell_OriginalFiles/0x47d47c1f174bf9e7322974998e62968cec96257c.sol,[],"['Osiris', 'Oyente']",[],[],[],[],[]
CodeSmell_OriginalFiles/0x48EB12C0DDc5163E8693F3029A14440442Df2710.sol,[],[],[],[],[],[],[]
CodeSmell_OriginalFiles/0x48d8f22d45e40F34cB7C10799F31246F134E9B7f.sol,['Slither'],[],[],[],[],[],[]
CodeSmell_OriginalFiles/0x491559dd3dfdbca13edc74569e86c8a0d517975b.sol,['Slither'],[],[],['Oyente'],[],[],[]
CodeSmell_OriginalFiles/0x49516fe7bdc54b29a7f95ff55fdd38d9228e55af.sol,[],['Osiris'],[],[],[],[],[]
CodeSmell_OriginalFiles/0x49fddeae0b521dab8d0c4b77e7161094f971320d.sol,"['Osiris', 'Slither']",[],[],[],[],[],['Slither']
CodeSmell_OriginalFiles/0x4a412fe6e60949016457897f9170bb00078b89a3.sol,[],[],[],[],[],[],[]
CodeSmell_OriginalFiles/0x4c1603e0834871ec3bab21d8db26de88db36bf9e.sol,[],[],[],[],[],[],['Slither']
CodeSmell_OriginalFiles/0x4d09c5e758ca68be27240f29fb681e5a5341ca98.sol,[],[],[],[],[],[],[]
CodeSmell_OriginalFiles/0x4ddaf983302f451a5a6dc95af102335bf280d9a7.sol,[],[],[],[],[],[],[]
CodeSmell_OriginalFiles/0x4e646a576917a6a47d5b0896c3e207693870869d.sol,"['Osiris', 'Slither']",[],[],[],[],[],['Slither']
CodeSmell_OriginalFiles/0x4f232a41b26bf07c37240f0cb3bde5727074a0f6.sol,[],[],[],[],[],[],[]
CodeSmell_OriginalFiles/0x5019066b46ae4b8673085b609be366400f53871b.sol,['Slither'],[],[],['Slither'],[],[],[]
CodeSmell_OriginalFiles/0x5052787b0B9cEC67442E2FF43D2176693377Bc5A.sol,[],['Osiris'],[],[],[],[],[]
CodeSmell_OriginalFiles/0x50fcf0396874f1d4a4d243e8bb4c370c97f119bf.sol,[],[],[],[],[],[],[]
CodeSmell_OriginalFiles/0x51036b0029e95ecbce4784df0a87987d1092ec7d.sol,[],[],[],[],[],[],[]
CodeSmell_OriginalFiles/0x52519fd6cb827ec77e961c76c9b326470703d0a8.sol,[],[],[],[],[],[],[]
CodeSmell_OriginalFiles/0x525aEEf9Af9ae896179EE287e024a40cF5FC7655.sol,['Slither'],[],[],[],[],[],[]
CodeSmell_OriginalFiles/0x52e34238bacb8730d4804637891c87656b5407d5.sol,[],['Osiris'],[],[],[],[],[]
CodeSmell_OriginalFiles/0x53570f9db0d81af09d9ef418e37e025668eed05f.sol,[],[],[],[],[],[],[]
CodeSmell_OriginalFiles/0x535ab96be208f115302facee73ae976e9174ac0b.sol,[],"['Osiris', 'Oyente']",[],[],[],[],['Slither']
CodeSmell_OriginalFiles/0x53a54c442583d2e844733f179d142c32f3c004b7.sol,['Slither'],[],[],[],[],[],[]
CodeSmell_OriginalFiles/0x53e3a7ec57132173ce615debb9a303fd2cd86789.sol,[],"['Osiris', 'Oyente']",[],[],[],[],[]
CodeSmell_OriginalFiles/0x54186df214506ff5613196170d1bd576895193ab.sol,[],[],[],[],[],[],[]
CodeSmell_OriginalFiles/0x55648de19836338549130b1af587f16bea46f66b.sol,[],[],[],[],[],[],[]
CodeSmell_OriginalFiles/0x558c62533def5e9d77a7e555490c0E2889EaCF3A.sol,[],[],[],[],[],[],[]
CodeSmell_OriginalFiles/0x55D5B8fE471cc4e19D7f0fc17D7a98c0C72A5688.sol,[],[],[],[],[],[],[]
CodeSmell_OriginalFiles/0x575cb87ab3c2329a0248c7d70e0ead8e57f3e3f7.sol,['Slither'],['Osiris'],[],[],[],[],[]
CodeSmell_OriginalFiles/0x5783af06b94192a3f5f6610ecef477d033b70c74.sol,['Slither'],[],[],[],[],[],[]
CodeSmell_OriginalFiles/0x580c1e3caca14826976b5820947f7ad486ac174d.sol,[],[],[],[],[],[],[]
CodeSmell_OriginalFiles/0x5882D49d3511E09096CBbaB7E19fBFb82f65f28D.sol,[],[],[],[],[],[],[]
CodeSmell_OriginalFiles/0x58e41735fa157a69ae9abf96321e890fb45f3dff.sol,[],[],[],[],[],[],['Slither']
CodeSmell_OriginalFiles/0x5ab14c104ba2771fd2a6ec6f616da1ad41d5b8a7.sol,[],[],[],[],[],[],[]
CodeSmell_OriginalFiles/0x5b36208992284CEFA4de83F2Fb34B33D1A75d4B7.sol,['Slither'],[],[],[],[],[],[]
CodeSmell_OriginalFiles/0x5b7ea49f9fa4cc48f6737b72bd36bb4b9732bb7d.sol,['Slither'],[],[],[],[],[],[]
CodeSmell_OriginalFiles/0x5d356ebdaed2798547889ffa12fc587347e5ad89.sol,['Slither'],[],[],[],[],[],[]
CodeSmell_OriginalFiles/0x5da6f5621c6f5c8b8f09e2a6d62a9ed544cbe37c.sol,[],[],[],[],[],[],[]
CodeSmell_OriginalFiles/0x5fc6de61258e63706543bb57619b99cc0e5a5a1f.sol,[],[],[],[],[],[],[]
CodeSmell_OriginalFiles/0x60a76ea79eBC7264F2897EE7FE4f33F31ef25A74.sol,[],[],[],[],[],[],[]
CodeSmell_OriginalFiles/0x60e6b603b34b39ed22e95c10f360afde8a88d1e9.sol,[],[],[],[],[],[],[]
CodeSmell_OriginalFiles/0x60ee1f74b96274a60b3dd5b92b35a49f86cfce80.sol,[],[],[],[],[],[],[]
CodeSmell_OriginalFiles/0x611710ba93faf6d2964a94656771f76e6d05d5f0.sol,[],[],[],[],[],[],[]
CodeSmell_OriginalFiles/0x615ed6779507f223d04722d43ccc0cd871964e2a.sol,[],"['Osiris', 'Oyente']",[],[],[],[],['Slither']
CodeSmell_OriginalFiles/0x62451d37ca2ec1f0499996bc3c7e2baf258e9729.sol,[],['Osiris'],[],['Oyente'],[],[],[]
CodeSmell_OriginalFiles/0x62c8b4ac2aef3ed13b929ca9fb20cacb222e3fa6.sol,[],[],[],[],[],[],[]
CodeSmell_OriginalFiles/0x62e66080900fe39cd52bf5c0f8385b1339bedae5.sol,[],[],[],[],[],[],[]
CodeSmell_OriginalFiles/0x631b4cea5064e2577cdb73c37ed2de00c30ee14a.sol,[],[],[],[],[],[],[]
CodeSmell_OriginalFiles/0x635783f8dc5e941fc142235ea44cc3529c17695d.sol,[],[],[],[],[],[],[]
CodeSmell_OriginalFiles/0x6425c6BE902d692AE2db752B3c268AFAdb099D3b.sol,[],[],[],[],[],[],[]
CodeSmell_OriginalFiles/0x655C072286A8ab7B33B16Aa6908CFECDe39E57a1.sol,[],[],[],[],[],[],[]
CodeSmell_OriginalFiles/0x66385555FC121D18Dc95eC3A8ECd51AB2B660dE5.sol,[],['Oyente'],[],[],[],[],[]
CodeSmell_OriginalFiles/0x66df48ba23c5e6cd5deb75f91bcc99030e2bf115.sol,[],[],[],[],[],[],['Slither']
CodeSmell_OriginalFiles/0x6822aaf4ab22e6cca8352a927b9ae0a8fdb58d9d.sol,"['Osiris', 'Slither']",[],[],[],[],[],[]
CodeSmell_OriginalFiles/0x6DE3cC59152e19f108378984f45E20a34C9f6338.sol,['Slither'],['Oyente'],[],[],[],[],[]
CodeSmell_OriginalFiles/0x6abf810730a342add1374e11f3e97500ee774d1f.sol,['Slither'],['Osiris'],[],['Osiris'],[],[],[]
CodeSmell_OriginalFiles/0x6b609d9095d069c805650234ab67595b3a6ab934.sol,['Slither'],[],[],[],[],[],[]
CodeSmell_OriginalFiles/0x6c5208924c5b302f756a79776a8b2918a041ad4d.sol,[],[],[],[],[],[],[]
CodeSmell_OriginalFiles/0x6c9e70d6682ea36ff340153d574b2c523671b107.sol,[],"['Osiris', 'Oyente']",[],[],[],[],['Slither']
CodeSmell_OriginalFiles/0x6d5cac36c1ae39f41d52393b7a425d0a610ad9f2.sol,[],['Osiris'],[],[],[],[],[]
CodeSmell_OriginalFiles/0x6f4e647f553397dc999382ad3a9c5336c5de27aa.sol,[],[],[],[],[],[],['Slither']
CodeSmell_OriginalFiles/0x6f5C1Ed62A4fA41CFC332D81FAFd3CD38aaCBD85.sol,[],['Osiris'],[],['Oyente'],[],[],[]
CodeSmell_OriginalFiles/0x6f6deb5db0c4994a8283a01d6cfeeb27fc3bbe9c.sol,[],['Oyente'],[],['Oyente'],[],[],[]
CodeSmell_OriginalFiles/0x709c7134053510fce03b464982eab6e3d89728a5.sol,[],['Osiris'],[],[],[],[],[]
CodeSmell_OriginalFiles/0x728781e75735dc0962df3a51d7ef47e798a7107e.sol,['Slither'],[],[],[],[],[],[]
CodeSmell_OriginalFiles/0x7352cb77c2478a59d21230a8d65146e04b59f58c.sol,"['Osiris', 'Slither']",['Osiris'],[],['Osiris'],[],[],['Slither']
CodeSmell_OriginalFiles/0x73dd069c299a5d691e9836243bcaec9c8c1d8734.sol,[],[],[],[],[],[],[]
CodeSmell_OriginalFiles/0x747616c4a19bd9bf1e2b6c8a77d206ea1f9c6018.sol,[],"['Osiris', 'Oyente']",[],[],[],[],[]
CodeSmell_OriginalFiles/0x75009ba0e084973d9c42fa81862d7076fae4500d.sol,['Slither'],[],[],[],[],[],[]
CodeSmell_OriginalFiles/0x759981e5af7661836d305f71779690808c1de51f.sol,[],[],[],[],[],[],[]
CodeSmell_OriginalFiles/0x761d0ca58b3b34ccf4f66438f9d6378e2f063dce.sol,['Slither'],['Oyente'],[],['Osiris'],[],[],[]
CodeSmell_OriginalFiles/0x787C2fFFB74F559219836a77FAd6181f808b6F73.sol,[],[],[],[],[],[],[]
CodeSmell_OriginalFiles/0x78a73B6CBc5D183CE56e786f6e905CaDEC63547B.sol,['Slither'],"['Osiris', 'Oyente']",[],['Oyente'],[],[],[]
CodeSmell_OriginalFiles/0x7a8bbfcccb6b80579d5965aa8d4a4b2294ac166e.sol,[],[],[],[],[],[],[]
CodeSmell_OriginalFiles/0x7acbc0b5c51027dc659a19f257bb3e462309b626.sol,['Slither'],['Oyente'],[],[],[],[],[]
CodeSmell_OriginalFiles/0x7c32DB0645A259FaE61353c1f891151A2e7f8c1e.sol,[],"['Osiris', 'Oyente']",[],[],[],[],[]
CodeSmell_OriginalFiles/0x7c8b63c4cf7a6009e06dc78d9a8352cd0541556f.sol,[],"['Osiris', 'Oyente']",[],"['Osiris', 'Oyente', 'Slither']",[],[],[]
CodeSmell_OriginalFiles/0x7da82c7ab4771ff031b66538d2fb9b0b047f6cf9.sol,[],[],[],[],[],[],['Slither']
CodeSmell_OriginalFiles/0x7da90089a73edd14c75b0c827cb54f4248d47ecc.sol,"['Osiris', 'Slither']",[],[],[],[],[],['Slither']
CodeSmell_OriginalFiles/0x7ee41a4c66e92fe28abd5bde30ad644a2dc8b15f.sol,[],"['Osiris', 'Oyente']",[],"['Osiris', 'Oyente']",[],[],[]
CodeSmell_OriginalFiles/0x7f0c38d5e951c47d96d3ec96e3127c73ed4b278e.sol,[],[],[],[],[],[],[]
CodeSmell_OriginalFiles/0x8015302bc5163b9fdaf03c1c952cbe5d21dc6d4b.sol,[],[],[],[],[],[],['Slither']
CodeSmell_OriginalFiles/0x80a92535c95d0e6cebece256df3c1b540c60dccb.sol,[],[],[],[],[],[],[]
CodeSmell_OriginalFiles/0x827d41446a2cb012d3011b94f525d6c46b32866d.sol,[],[],[],[],[],[],[]
CodeSmell_OriginalFiles/0x828bE8eA7bbbe246216e7017b35057F64cf6449a.sol,[],['Oyente'],[],[],[],[],[]
CodeSmell_OriginalFiles/0x833ede3050c27d88e5da6922a312e3fdc15be29b.sol,['Slither'],['Osiris'],[],[],[],[],[]
CodeSmell_OriginalFiles/0x836175e10c294d76fb44135d666b3eb76a62e0f0.sol,[],[],[],[],[],[],[]
CodeSmell_OriginalFiles/0x83b7EEb4D6eC1289578186f1da64A876DC71FCbb.sol,[],"['Osiris', 'Oyente']",[],[],[],[],['Slither']
CodeSmell_OriginalFiles/0x83c54a35e72ae07c46fc8f8f172a13ba19ac3bed.sol,[],['Osiris'],[],[],[],[],['Slither']
CodeSmell_OriginalFiles/0x87d1ccf428832015d6108520d6d0909013753a62.sol,['Slither'],['Osiris'],[],['Osiris'],[],[],[]
CodeSmell_OriginalFiles/0x89064da61e06c0e2035b5c8601c759ba60acb94d.sol,[],[],[],[],[],[],['Slither']
CodeSmell_OriginalFiles/0x895d55ce51760ca614b5b446a504c4a49e2d26e8.sol,[],[],[],[],[],[],[]
CodeSmell_OriginalFiles/0x899f9a0440face1397a1ee1e3f6bf3580a6633d1.sol,[],[],[],[],[],[],[]
CodeSmell_OriginalFiles/0x89c0afcd1bdbb91675b9fca14519738d5286b61e.sol,[],[],[],[],[],[],['Slither']
CodeSmell_OriginalFiles/0x8BF1E43e3Ca6f5c25C380803154aE687D682Ad32.sol,[],"['Osiris', 'Oyente']",[],[],[],[],[]
CodeSmell_OriginalFiles/0x8a8ca863f73992fcc43dd64c7261ba9dcc8e2181.sol,[],[],[],[],[],[],[]
CodeSmell_OriginalFiles/0x8b34fbc553db3462ad4909f2e5577cc22f63c216.sol,['Slither'],['Osiris'],[],['Oyente'],[],[],[]
CodeSmell_OriginalFiles/0x8b7d07b6ffB9364e97B89cEA8b84F94249bE459F.sol,[],['Osiris'],[],['Osiris'],[],[],[]
CodeSmell_OriginalFiles/0x8c628caaff01b61140f5576292bf57154e119b0b.sol,[],[],[],[],[],[],[]
CodeSmell_OriginalFiles/0x8cd8baa410e9172b949f2c4433d3b5905f8606ff.sol,[],"['Osiris', 'Oyente']",[],[],[],[],['Slither']
CodeSmell_OriginalFiles/0x8d12a197cb00d4747a1fe03395095ce2a5cc6819.sol,['Slither'],[],[],[],[],[],['Slither']
CodeSmell_OriginalFiles/0x8d2AAE6a7EB63Ba89c36e82385f096d41074Cd87.sol,['Slither'],['Osiris'],[],[],[],[],['Slither']
CodeSmell_OriginalFiles/0x8d44d6b4ea99c865df1545a2dcb3aa445ba484bc.sol,[],[],[],[],[],[],['Slither']
CodeSmell_OriginalFiles/0x8d80de8a78198396329dfa769ad54d24bf90e7aa.sol,"['Osiris', 'Slither']","['Osiris', 'Oyente']",[],['Osiris'],[],[],['Slither']
CodeSmell_OriginalFiles/0x8eb24319393716668d768dcec29356ae9cffe285.sol,[],[],[],[],[],[],[]
CodeSmell_OriginalFiles/0x8eee81d817c9548615d69c485074b55df487ab95.sol,[],[],[],[],[],[],[]
CodeSmell_OriginalFiles/0x8f199d74d89b977d3f0684f0572bc66b16120ed8.sol,['Slither'],[],[],[],[],[],[]
CodeSmell_OriginalFiles/0x8f1e7E18c96C4B75D12CBcA93613Dfebd16eb0E1.sol,[],[],[],[],[],[],[]
CodeSmell_OriginalFiles/0x8ff920020c8ad673661c8117f2855c384758c572.sol,[],"['Osiris', 'Oyente']",[],[],[],[],['Slither']
CodeSmell_OriginalFiles/0x901f47957338bf52b6a45ef67a3de09346c3fa29.sol,[],[],[],[],[],[],['Slither']
CodeSmell_OriginalFiles/0x904764ffe5A90F12282995b5674055c15093AEeA.sol,[],[],[],[],[],[],[]
CodeSmell_OriginalFiles/0x91BD62e48282eA188998D04570eD8a3e237d3A6A.sol,[],['Oyente'],[],[],[],[],['Slither']
CodeSmell_OriginalFiles/0x91a57b2f6fa86b373bce5716eb26c81cbb004223.sol,[],"['Osiris', 'Oyente']",[],[],[],[],[]
CodeSmell_OriginalFiles/0x92cB5F1FbabbcbDd891B9Cbd8E9a056c8c1eEbEF.sol,['Slither'],[],[],[],[],[],[]
CodeSmell_OriginalFiles/0x93519cc1a51ac56cf2daa8aaafcd4073f49a19d8.sol,[],[],[],[],[],[],[]
CodeSmell_OriginalFiles/0x93d812bf90a575d628e246b0966505a9e466f534.sol,['Slither'],[],[],[],[],[],[]
CodeSmell_OriginalFiles/0x942ffef843d37805c59f30fabb99b46aad135288.sol,[],[],[],[],[],[],[]
CodeSmell_OriginalFiles/0x94add786881a945e68f3dfd1478f586ba36769b5.sol,[],[],[],[],[],[],[]
CodeSmell_OriginalFiles/0x97282A7a15f9bEaDC854E8793AAe43B089F14b4e.sol,"['Osiris', 'Slither']",['Osiris'],[],['Osiris'],[],[],['Slither']
CodeSmell_OriginalFiles/0x97ec9bfb0f6672c358620615a1e4de0348aea05c.sol,[],['Oyente'],[],[],[],[],[]
CodeSmell_OriginalFiles/0x98f62d8ad5a884c8bbcf262591dff55dab263b80.sol,[],[],[],[],[],[],[]
CodeSmell_OriginalFiles/0x995020804986274763df9deb0296b754f2659ca1.sol,[],['Osiris'],[],[],[],[],[]
CodeSmell_OriginalFiles/0x99892ac6da1b3851167cb959fe945926bca89f09.sol,[],[],[],[],[],[],['Slither']
CodeSmell_OriginalFiles/0x9AcA6aBFe63A5ae0Dc6258cefB65207eC990Aa4D.sol,[],"['Osiris', 'Oyente']",[],[],[],[],[]
CodeSmell_OriginalFiles/0x9BD8f4736877567E267ee445209a0b2aAFc01402.sol,[],['Osiris'],[],[],[],[],[]
CodeSmell_OriginalFiles/0x9DA53246714bf10010Aee31ffDb9cf8caB8c6813.sol,[],[],[],[],[],[],[]
CodeSmell_OriginalFiles/0x9EA80e204045329Ba752D03C395F82A12799f13d.sol,[],['Osiris'],[],['Osiris'],[],[],[]
CodeSmell_OriginalFiles/0x9Ea7BA960A2668Df52eE0389C4617D48853b7006.sol,[],"['Osiris', 'Oyente']",[],[],[],[],['Slither']
CodeSmell_OriginalFiles/0x9a4ee79ab5ef423162873d3df22047b392492e58.sol,[],[],[],[],[],[],[]
CodeSmell_OriginalFiles/0x9ae98746EB8a0aeEe5fF2b6B15875313a986f103.sol,[],[],[],[],[],[],[]
CodeSmell_OriginalFiles/0x9b0f6a5a667cb92af0cd15dbe90e764e32f69e77.sol,['Slither'],"['Osiris', 'Oyente']",[],['Osiris'],[],[],[]
CodeSmell_OriginalFiles/0x9b2e81b42907e2bbd2bd76e36ba8ce1911db537e.sol,['Slither'],['Oyente'],[],['Oyente'],[],[],[]
CodeSmell_OriginalFiles/0x9b6BAA7DE8751328E8e0a8b872Ff8d36539b313D.sol,['Slither'],[],[],[],[],[],[]
CodeSmell_OriginalFiles/0x9b8c435196c8398ff021f375535cf04e3459b15c.sol,['Slither'],[],[],[],[],[],[]
CodeSmell_OriginalFiles/0x9bbb9387c9e2477a6b5d81afece00255875c48ce.sol,['Slither'],['Oyente'],[],[],[],[],['Slither']
CodeSmell_OriginalFiles/0x9c099997100fe55041b2028332A027ad7004AAc4.sol,['Slither'],['Osiris'],[],['Osiris'],[],[],[]
CodeSmell_OriginalFiles/0x9ce6a4dbf61c13e23edf47b41e7a2ba9e525d765.sol,[],[],[],[],[],[],[]
CodeSmell_OriginalFiles/0x9de550274af9c3d4d3e9713f828bd58bd5686b5a.sol,[],[],[],[],[],[],[]
CodeSmell_OriginalFiles/0x9e46a38f5daabe8683e10793b06749eef7d733d1.sol,[],[],[],[],[],[],['Slither']
CodeSmell_OriginalFiles/0x9f00f10e226ec430e888d6311e3f65e62093a9ac.sol,[],[],[],[],[],[],[]
CodeSmell_OriginalFiles/0xA5d1e58ECe1fC438d64E65769d2ab730143a4Caf.sol,[],[],[],[],[],[],[]
CodeSmell_OriginalFiles/0xA97fF44CFf7101FaC76aF172F088f400F28cb4E9.sol,[],"['Osiris', 'Oyente']",[],[],[],[],[]
CodeSmell_OriginalFiles/0xACbfB851D69EF8Eca1453d82f38B590268ca46B1.sol,['Slither'],"['Osiris', 'Oyente']",[],"['Osiris', 'Oyente']",[],[],[]
CodeSmell_OriginalFiles/0xAd1aA68300588Aa5842751DDCAb2AFd4a69e9016.sol,[],[],[],[],[],[],[]
CodeSmell_OriginalFiles/0xB71Cd8f21D5C21edcd113CA2807189ddcAf9DD44.sol,[],['Osiris'],[],[],[],[],[]
CodeSmell_OriginalFiles/0xC16b542ff490e01fcc0DC58a60e1EFdc3e357cA6.sol,[],['Osiris'],[],[],[],[],[]
CodeSmell_OriginalFiles/0xD0B56cbCD938AEAfb41915C09594eE88F3c5C41b.sol,[],[],[],[],[],[],[]
CodeSmell_OriginalFiles/0xD9BaBaf28e492F90dC900506B28834316eDed9e6.sol,[],[],[],[],[],[],[]
CodeSmell_OriginalFiles/0xDD9aE24a9E442Fd7af6Cd321400Cc8243458924F.sol,[],[],[],[],[],[],[]
CodeSmell_OriginalFiles/0xDfC328c19C8De45ac0117f836646378c10e0CdA3.sol,['Slither'],[],[],[],[],[],['Slither']
CodeSmell_OriginalFiles/0xE05CeDD2838E4e1d99B539D8C768D6EF2a10F729.sol,['Slither'],['Osiris'],[],['Osiris'],[],[],[]
CodeSmell_OriginalFiles/0xE5a04D98538231b0fAb9ABa60cd73cE4fF3039DF.sol,['Slither'],[],[],[],[],[],[]
CodeSmell_OriginalFiles/0xE691b7FF3c9fdDB8C2437412208EE4816ABa7258.sol,[],['Osiris'],[],[],[],[],[]
CodeSmell_OriginalFiles/0xF05EbadcF22b4dfd49d7f3AB59fd22C9fC49AF6F.sol,[],[],[],[],[],[],[]
CodeSmell_OriginalFiles/0xa01d9BAfA60fbd1967bacF74B76c7e464d0F7c92.sol,[],[],[],[],[],[],[]
CodeSmell_OriginalFiles/0xa14c275277b788c20534066335e8bd3de77ffde4.sol,['Slither'],['Osiris'],[],[],[],[],[]
CodeSmell_OriginalFiles/0xa1877c74562821ff59ffc0bc999e6a2e164f4d87.sol,['Slither'],"['Osiris', 'Oyente']",[],"['Osiris', 'Oyente']",[],[],[]
CodeSmell_OriginalFiles/0xa1c957c0210397d2d0296341627b74411756d476.sol,"['Osiris', 'Slither']","['Osiris', 'Oyente']",[],[],[],[],[]
CodeSmell_OriginalFiles/0xa2eb247c2bebbd233b455a6c798ceba81e3aa320.sol,[],[],[],[],[],[],[]
CodeSmell_OriginalFiles/0xa33c4a314faa9684eeffa6ba334688001ea99bbc.sol,[],[],[],[],[],[],[]
CodeSmell_OriginalFiles/0xa35e3e419ae0031460af1e7a1386cb8f0d7d0efb.sol,[],[],[],[],[],[],[]
CodeSmell_OriginalFiles/0xa37adde3ba20a396338364e2ddb5e0897d11a91d.sol,[],[],[],[],[],[],[]
CodeSmell_OriginalFiles/0xa42004629c80aa5f56186379c1185fbec0f65bf7.sol,[],[],[],[],[],[],[]
CodeSmell_OriginalFiles/0xa549ef3164556b3fdba16680798032b993c2325b.sol,[],[],[],[],[],[],[]
CodeSmell_OriginalFiles/0xa578acc0cb7875781b7880903f4594d13cfa8b98.sol,[],[],[],[],[],[],[]
CodeSmell_OriginalFiles/0xa646e29877d52b9e2de457eca09c724ff16d0a2b.sol,[],"['Osiris', 'Oyente']",[],[],[],[],['Slither']
CodeSmell_OriginalFiles/0xa6a180ce6432a356fb15ede85f63e1e6ffd7afeb.sol,[],[],[],[],[],[],['Slither']
CodeSmell_OriginalFiles/0xa723606e907bf84215d5785ea7f6cd93a0fbd121.sol,[],"['Osiris', 'Oyente']",[],[],[],[],['Slither']
CodeSmell_OriginalFiles/0xa7f598984f6a77da416efaaf6ff18f5f7b9eeab2.sol,[],['Osiris'],[],[],[],[],[]
CodeSmell_OriginalFiles/0xa7fa7588cd7ebf3d0e128f07da7406dd74e241df.sol,[],[],[],[],[],[],[]
CodeSmell_OriginalFiles/0xa87c3ec87eb802aad080df0adb331e504d327e5d.sol,[],[],[],[],[],[],[]
CodeSmell_OriginalFiles/0xa8a4ff10d75a82aa8cd1055d30a66c925dc5b2fe.sol,['Slither'],[],[],[],[],[],[]
CodeSmell_OriginalFiles/0xa9ad24633c93ee78f4c2bf9b3e9128cbc0269717.sol,[],[],[],[],[],[],[]
CodeSmell_OriginalFiles/0xaa6e94908c4b2d020ef5f92bca529db958df106f.sol,['Slither'],[],[],[],[],[],[]
CodeSmell_OriginalFiles/0xaac8253a42c213b6a9cdf4f25cd5de29d09b96f9.sol,[],[],[],[],[],[],[]
CodeSmell_OriginalFiles/0xace518c4cb2b823c2ab2b12c709e71e11cfb8896.sol,[],['Osiris'],[],['Oyente'],[],[],[]
CodeSmell_OriginalFiles/0xad1ff4873633c9248130fbfe28d17e1bd5467cc4.sol,[],[],[],[],[],[],[]
CodeSmell_OriginalFiles/0xadaac4cb430f4f4aa0d60741bc263f3dfec0790a.sol,['Osiris'],"['Osiris', 'Oyente']",[],[],[],[],[]
CodeSmell_OriginalFiles/0xadb41fcd3df9ff681680203a074271d3b3dae526.sol,['Slither'],[],[],[],[],[],[]
CodeSmell_OriginalFiles/0xae53aaff39f07cb48386ef33bc5fc72cc55d6f1c.sol,[],[],[],[],[],[],[]
CodeSmell_OriginalFiles/0xaf7aea249098f2c2f50cc11d4000ccf798194373.sol,['Slither'],['Osiris'],[],[],[],[],[]
CodeSmell_OriginalFiles/0xb00b5f9a21b79901d687d6d952319af767a116ca.sol,[],[],[],[],[],[],[]
CodeSmell_OriginalFiles/0xb0bef286a13457b963c710fa7765961d09a27c63.sol,[],"['Osiris', 'Oyente']",[],[],[],[],[]
CodeSmell_OriginalFiles/0xb104df39250112eda59b27f5db7013c7ee132d50.sol,['Slither'],['Osiris'],[],[],[],[],[]
CodeSmell_OriginalFiles/0xb1690c08e213a35ed9bab7b318de14420fb57d8c.sol,['Slither'],"['Osiris', 'Oyente']",[],['Osiris'],[],[],[]
CodeSmell_OriginalFiles/0xb28a3dd24036151c819c6d401f7a222d9aa3671b.sol,[],['Oyente'],[],"['Osiris', 'Oyente']",[],[],[]
CodeSmell_OriginalFiles/0xb375d24ffc46885c3bdd5ed275a248efe76a25c9.sol,[],[],[],[],[],[],[]
CodeSmell_OriginalFiles/0xb3775fb83f7d12a36e0475abdd1fca35c091efbe.sol,[],['Osiris'],[],[],[],[],[]
CodeSmell_OriginalFiles/0xb3aac808b10eb65b74b59deb4f1998b52327bd1a.sol,['Slither'],[],[],['Slither'],[],[],[]
CodeSmell_OriginalFiles/0xb3b33f59174f2ef62167770e4c9cabaa3879eb5d.sol,['Slither'],[],[],[],[],[],[]
CodeSmell_OriginalFiles/0xb47e3cd837dDF8e4c57F05d70Ab865de6e193BBB.sol,[],"['Osiris', 'Oyente']",[],[],[],[],[]
CodeSmell_OriginalFiles/0xb53613FA4ad09f00e41A91B7dFdfa3E98c76F4c0.sol,[],[],[],[],[],[],[]
CodeSmell_OriginalFiles/0xb5fbae0361855617c58ef95a186889f0122e6642.sol,[],"['Osiris', 'Oyente']",[],[],[],[],['Slither']
CodeSmell_OriginalFiles/0xb694a9ee2eed5dc6d58599a25874abda504fa60a.sol,['Slither'],[],[],['Oyente'],[],[],[]
CodeSmell_OriginalFiles/0xb77fd7187f7d4ba1f90a924c9d4264d4c458e5b3.sol,[],[],[],[],[],[],[]
CodeSmell_OriginalFiles/0xb8bf73550f251562d308882e032225a700a7b9bc.sol,['Slither'],"['Osiris', 'Oyente']",[],['Slither'],[],[],[]
CodeSmell_OriginalFiles/0xbF29685856FAE1e228878DFB35B280C0adCC3B05.sol,['Slither'],[],[],[],[],[],['Slither']
CodeSmell_OriginalFiles/0xba2184520a1cc49a6159c57e61e1844e085615b6.sol,['Slither'],"['Osiris', 'Oyente']",[],"['Osiris', 'Oyente']",[],[],[]
CodeSmell_OriginalFiles/0xbaaffc2f4074863bf0ced1dc61e5410fad075cec.sol,[],[],[],[],[],[],[]
CodeSmell_OriginalFiles/0xbad9b65cfb0c2e89bc9543b86849780baa52c605.sol,[],[],[],[],[],[],[]
CodeSmell_OriginalFiles/0xbbc5d510bab53b2199fb17fe1d896eb78911e103.sol,['Slither'],[],[],[],[],[],[]
CodeSmell_OriginalFiles/0xbc1aB7F58a95cf307Ba5Ee18CF06b7eD0120da7a.sol,[],"['Osiris', 'Oyente']",[],['Oyente'],[],[],['Slither']
CodeSmell_OriginalFiles/0xbd2ed3e85faa3433c068c7b3f9c8c7d839ce88d7.sol,[],[],[],[],[],[],[]
CodeSmell_OriginalFiles/0xbd6bfb97124bce7cab703e6aa6968706c5f0feea.sol,"['Osiris', 'Slither']",[],[],[],[],[],['Slither']
CodeSmell_OriginalFiles/0xc00061de5d47f802daaf0de1498c9680732861c3.sol,[],[],[],[],[],[],[]
CodeSmell_OriginalFiles/0xc02aaa39b223fe8d0a0e5c4f27ead9083c756cc2.sol,[],[],[],[],[],[],[]
CodeSmell_OriginalFiles/0xc03281af336e2c25b41ff893a0e6ce1a932b23af.sol,[],"['Osiris', 'Oyente']",[],[],[],[],['Slither']
CodeSmell_OriginalFiles/0xc0829421c1d260bd3cb3e0f06cfe2d52db2ce315.sol,[],['Oyente'],[],[],[],[],[]
CodeSmell_OriginalFiles/0xc23f76aea00b775aadc8504ccb22468f4fd2261a.sol,[],"['Osiris', 'Oyente']",[],"['Osiris', 'Oyente']",[],[],['Slither']
CodeSmell_OriginalFiles/0xc2de2ce66f1f16c09e6a2c9595ac878db4113a88.sol,[],[],[],[],[],[],[]
CodeSmell_OriginalFiles/0xc3142db870ce470122f7d2d4d8d76ae5dda51dda.sol,[],[],[],[],[],[],[]
CodeSmell_OriginalFiles/0xc3ef562cc403c8f9edf7c3826655fbf50f4ddde8.sol,[],[],[],[],[],[],[]
CodeSmell_OriginalFiles/0xc4d3abd6007e7475655a463f8aa01d4cca033991.sol,[],[],[],[],[],[],[]
CodeSmell_OriginalFiles/0xc5cdcd5470aef35fc33bddff3f8ecec027f95b1d.sol,[],"['Osiris', 'Oyente']",[],[],[],[],['Slither']
CodeSmell_OriginalFiles/0xc67c1f88f31e724b137a057292e55cb42a5f3241.sol,['Slither'],['Osiris'],[],[],[],[],[]
CodeSmell_OriginalFiles/0xc68d1fc21e05d135eaf640aae84a2a9dada69672.sol,[],[],[],[],[],[],[]
CodeSmell_OriginalFiles/0xc6e095f5fB53339D8F4C7f576ccD37bE05E5B67E.sol,[],[],[],[],[],[],[]
CodeSmell_OriginalFiles/0xc70afb5612b16d36d2204052f81932064fd084c5.sol,['Slither'],['Osiris'],[],[],[],[],[]
CodeSmell_OriginalFiles/0xc7d784274aaa0010f0c3dedd10eb66d49b7e4098.sol,"['Osiris', 'Slither']",[],[],[],[],[],['Slither']
CodeSmell_OriginalFiles/0xc83355ef25a104938275b46cffd94bf9917d0691.sol,[],['Osiris'],[],['Osiris'],[],[],[]
CodeSmell_OriginalFiles/0xc8d464c9906eb7a81a62f5ff658d7e4e68a8486b.sol,[],[],[],[],[],[],['Slither']
CodeSmell_OriginalFiles/0xca6bea8e144b0a6aebbb412e6ad0e7ff1959235e.sol,[],"['Osiris', 'Oyente']",[],[],[],[],[]
CodeSmell_OriginalFiles/0xcaef67f72114b4d2b4f43e7407455285b7de8de5.sol,['Slither'],['Osiris'],[],[],[],[],[]
CodeSmell_OriginalFiles/0xcc5f26bf69b259b495a15427384e7f9668917d56.sol,['Slither'],['Osiris'],[],[],[],[],[]
CodeSmell_OriginalFiles/0xcc89405e3cfd38412093840a3ac2f851dd395dfb.sol,['Slither'],['Osiris'],[],[],[],[],[]
CodeSmell_OriginalFiles/0xcce9fd6aea9fc618b98198b13599d2a0419534bb.sol,[],[],[],[],[],[],[]
CodeSmell_OriginalFiles/0xccf09a5a9449b8d39e27f7fcffbb1a30ec29c8db.sol,['Slither'],['Osiris'],[],[],[],[],[]
CodeSmell_OriginalFiles/0xcd806502ad2f9aeb32e23f8d647341d4b568201d.sol,['Slither'],['Osiris'],[],[],[],[],[]
CodeSmell_OriginalFiles/0xcdb7ecfd3403eef3882c65b761ef9b5054890a47.sol,[],[],[],[],[],[],[]
CodeSmell_OriginalFiles/0xce2095197142a6972256d70fe4ba024f2c7a7d96.sol,[],[],[],[],[],[],[]
CodeSmell_OriginalFiles/0xce6c1005bf05b370af93c1f70d7798aa08c0b6d6.sol,[],[],[],[],[],[],[]
CodeSmell_OriginalFiles/0xcfaafdd4ec90985108c3f4847b14e7c733eaf575.sol,['Slither'],"['Osiris', 'Oyente']",[],['Osiris'],[],[],[]
CodeSmell_OriginalFiles/0xd20e5bab91720217637847365bf5932fe85f6fd3.sol,[],[],[],[],[],[],[]
CodeSmell_OriginalFiles/0xd32c26B14030c724c0118576308Ea2fB3300D10f.sol,[],[],[],[],[],[],[]
CodeSmell_OriginalFiles/0xd3d20f3f0ededb2a1503dc8858c7c6f37c2b22cf.sol,[],[],[],[],[],[],[]
CodeSmell_OriginalFiles/0xd566fa4a696eac66f749f7fe999d6673fee2026c.sol,[],[],[],[],[],[],[]
CodeSmell_OriginalFiles/0xd58297b5e0ad69f6ba949fdde9da0f2b978f00a0.sol,[],[],[],[],[],[],[]
CodeSmell_OriginalFiles/0xd5abcc4c80fd01d8822f35f379fbcebf7a8b8679.sol,[],"['Osiris', 'Oyente']",[],"['Osiris', 'Oyente']",[],[],[]
CodeSmell_OriginalFiles/0xd6A755BCe1844Ad6b7681118b18f54D63E5C13F9.sol,[],[],[],[],[],[],[]
CodeSmell_OriginalFiles/0xd76b5c2a23ef78368d8e34288b5b65d616b746ae.sol,[],[],[],[],[],[],[]
CodeSmell_OriginalFiles/0xd7784ddb103479ee3094c7816dd7918e1ae3997f.sol,[],[],[],[],[],[],[]
CodeSmell_OriginalFiles/0xd77fc35cc9007557dcd18bfe26fe66f1ea3a0e7f.sol,['Slither'],"['Osiris', 'Oyente']",[],['Oyente'],[],[],[]
CodeSmell_OriginalFiles/0xd780ae2bf04cd96e577d3d014762f831d97129d0.sol,['Slither'],['Osiris'],[],[],[],[],[]
CodeSmell_OriginalFiles/0xd7bc93f391e94557fa621711699d1a5fd38d5ad5.sol,['Slither'],['Oyente'],[],[],[],[],[]
CodeSmell_OriginalFiles/0xd7e4ad7c318ffbafbf602e32e089e7e2326a2581.sol,['Slither'],['Oyente'],[],[],[],[],['Slither']
CodeSmell_OriginalFiles/0xd8e396e67650e72eefa281efc86738eb3e2c7400.sol,[],[],[],[],[],[],[]
CodeSmell_OriginalFiles/0xd9489f5a7c4420e814f6216505b6754ebd4213f7.sol,['Slither'],[],[],['Slither'],[],[],['Slither']
CodeSmell_OriginalFiles/0xd96e8733dfd61fd37936450ea17176288c09a2a9.sol,[],[],[],[],[],[],['Slither']
CodeSmell_OriginalFiles/0xd9e21e7fbbc85d05165b9691abc279249de1a658.sol,[],[],[],[],[],[],['Slither']
CodeSmell_OriginalFiles/0xdD1AcE2f45962e4C1297c784009478865e3B13bE.sol,[],[],[],[],[],[],[]
CodeSmell_OriginalFiles/0xdaab8a09aed3b98df4fffef85e78cd6f513de7d0.sol,[],[],[],[],[],[],[]
CodeSmell_OriginalFiles/0xdb2Ae021F1EEa3c9ad25cd49aDDe23bB788D3D9D.sol,[],[],[],[],[],[],[]
CodeSmell_OriginalFiles/0xdc448e8a2a92a5ce799b197e982d773c605318a4.sol,[],[],[],[],[],[],[]
CodeSmell_OriginalFiles/0xdd5a3aeef473401c23f24c4c6b9cd1b0808fbb36.sol,[],[],[],[],[],[],[]
CodeSmell_OriginalFiles/0xdd98b423dc61a756e1070de151b1485425505954.sol,"['Osiris', 'Slither']",[],[],[],[],[],['Slither']
CodeSmell_OriginalFiles/0xddf0d0b9914d530e0b743808249d9af901f1bd01.sol,"['Osiris', 'Slither']",['Osiris'],[],[],[],[],['Slither']
CodeSmell_OriginalFiles/0xdf6164efd12678bf6a7d5a1ddf73c831493f6574.sol,[],[],[],[],[],[],[]
CodeSmell_OriginalFiles/0xe0efd668c950e6d286bc1c5b9304f31632708656.sol,[],[],[],[],[],[],[]
CodeSmell_OriginalFiles/0xe1df194ae7366876e91a0999e29530719452e558.sol,[],[],[],[],[],[],['Slither']
CodeSmell_OriginalFiles/0xe1f243a9abfeef646be6bef7b8c2018276574294.sol,['Slither'],"['Osiris', 'Oyente']",[],['Osiris'],[],[],[]
CodeSmell_OriginalFiles/0xe23266201b2ad708cf9916240783ebe0405b3881.sol,[],[],[],[],[],[],['Slither']
CodeSmell_OriginalFiles/0xe2d82dc7da0e6f882e96846451f4fabcc8f90528.sol,[],[],[],[],[],[],[]
CodeSmell_OriginalFiles/0xe2e5d0e1422e927abab19ad2067f802ad07fb364.sol,[],[],[],[],[],[],[]
CodeSmell_OriginalFiles/0xe43f953a39a4681ac36f72977ec6998adc3d9f6a.sol,[],"['Osiris', 'Oyente']",[],[],[],[],[]
CodeSmell_OriginalFiles/0xe4ba27aebaa3d09b2ac68b0c070a4d37ccc65cb7.sol,[],[],[],[],[],[],[]
CodeSmell_OriginalFiles/0xe4fb506f5e6d8c68e71cb9f7cc2fde4c059d3925.sol,[],"['Osiris', 'Oyente']",[],[],[],[],[]
CodeSmell_OriginalFiles/0xe531642e9bb5d027e9c20e03284287b97919a9a5.sol,[],[],[],[],[],[],[]
CodeSmell_OriginalFiles/0xe642b6f79041c60d8447679b3a499f18d8b03b81.sol,"['Osiris', 'Slither']",[],[],[],[],[],['Slither']
CodeSmell_OriginalFiles/0xe64d5f33e28387855d33980719f27f0d579392af.sol,['Slither'],"['Osiris', 'Oyente']",[],['Osiris'],[],[],[]
CodeSmell_OriginalFiles/0xe6517b766e6ee07f91b517435ed855926bcb1aae.sol,"['Osiris', 'Slither']",['Osiris'],[],[],[],[],['Slither']
CodeSmell_OriginalFiles/0xe752483412490481d193194d293db5cd0ed054a8.sol,[],[],[],[],[],[],[]
CodeSmell_OriginalFiles/0xe758421818E3FC974730292C0704F7b77DaA791c.sol,[],[],[],[],[],[],[]
CodeSmell_OriginalFiles/0xe782146478f5d9f3ecc77a77c429f2941dced0f3.sol,[],[],[],[],[],[],['Slither']
CodeSmell_OriginalFiles/0xe7dc501cb9ca414cf9211af214d5065ca3a30768.sol,"['Osiris', 'Slither']",['Oyente'],[],[],[],[],['Slither']
CodeSmell_OriginalFiles/0xe8a51be86ad96447d45ddeddc55013f25157688c.sol,"['Osiris', 'Slither']",[],[],[],[],[],['Slither']
CodeSmell_OriginalFiles/0xe9ef26c4e9761e2305f455a0e0d4cd286e2d13a1.sol,['Slither'],"['Osiris', 'Oyente']",[],"['Osiris', 'Oyente']",[],[],[]
CodeSmell_OriginalFiles/0xea3be67a30325e665a86ea4149c781b20a81e07f.sol,[],['Osiris'],[],[],[],[],[]
CodeSmell_OriginalFiles/0xea450e48e8d0da4332516a12c63c2232450caf6a.sol,['Slither'],[],[],[],[],[],[]
CodeSmell_OriginalFiles/0xea88C23690b9F12ac6941E8a229aa4f94C72B8Db.sol,"['Osiris', 'Oyente']","['Osiris', 'Oyente']",[],[],[],[],['Slither']
CodeSmell_OriginalFiles/0xeb6e4fad04c68a2dd22c0a6acb1010c763c5ced8.sol,[],[],[],[],[],[],['Slither']
CodeSmell_OriginalFiles/0xed1a5a5a71859c5eab160d4c9e1eb0d185f925e3.sol,[],[],[],['Osiris'],[],[],[]
CodeSmell_OriginalFiles/0xed574d920a0c152ca136717c79a352b83f3bb058.sol,[],[],[],[],[],[],[]
CodeSmell_OriginalFiles/0xed667323cf62f4bbb62ec22038e34ed27e02a360.sol,[],[],[],[],[],[],['Slither']
CodeSmell_OriginalFiles/0xed7da010027967365e0a7c370c1dde2f9fe4477f.sol,[],[],[],[],[],[],[]
CodeSmell_OriginalFiles/0xee4e09a72c5f8d60ce09b4b90dd1ee680fc375fe.sol,[],[],[],[],[],[],[]
CodeSmell_OriginalFiles/0xf0300337E920aE843040A71584f870aE719bf5eD.sol,['Slither'],['Osiris'],[],['Oyente'],[],[],[]
CodeSmell_OriginalFiles/0xf0a924661b0263e5ce12756d07f45b8668c53380.sol,['Slither'],['Oyente'],[],[],[],[],[]
CodeSmell_OriginalFiles/0xf1a35ded3f2f48d2a036f4ef586b725ceb0dddeb.sol,[],[],[],[],[],[],['Slither']
CodeSmell_OriginalFiles/0xf1ed1fdb9f35ec6758262b4f0683d60f799bf8b6.sol,[],[],[],[],[],[],['Slither']
CodeSmell_OriginalFiles/0xf300cc72613d575a4567405c2a07d2aaf182aebf.sol,[],[],[],[],[],[],[]
CodeSmell_OriginalFiles/0xf31619a15518dce0613a514e6672d1f84f6e7fe7.sol,"['Osiris', 'Slither']","['Osiris', 'Oyente']",[],[],[],[],[]
CodeSmell_OriginalFiles/0xf39C702594792B91aec6d881C9e6ebD2022A2271.sol,[],[],[],[],[],[],[]
CodeSmell_OriginalFiles/0xf48d72e5a2419c0c6f5822854b7bb7bf135d1623.sol,[],[],[],[],[],[],[]
CodeSmell_OriginalFiles/0xf5056ed34e0c233f5a37b830533610a853296388.sol,[],[],[],[],[],[],[]
CodeSmell_OriginalFiles/0xf603c4161c388b77249486f9cb6f1741abda6a9b.sol,[],[],[],[],[],[],[]
CodeSmell_OriginalFiles/0xf665069a0ee102ceadbd80690814473dbdd56ac8.sol,[],[],[],[],[],[],[]
CodeSmell_OriginalFiles/0xf69cD472e4EfB38aa320470422C133Ff546B16CC.sol,[],[],[],[],[],[],[]
CodeSmell_OriginalFiles/0xf7bc84a0e505cd424ce7706a67046271ace20ec8.sol,[],[],[],[],[],[],[]
CodeSmell_OriginalFiles/0xfaaad14ff8d00e28959094dd8cf90b6dcd7f5a3e.sol,[],[],[],[],[],[],['Slither']
CodeSmell_OriginalFiles/0xfb2a61c6da801aca637e0a8fb459ce22f5c241f9.sol,[],[],[],[],[],[],[]
CodeSmell_OriginalFiles/0xfb950d858dab0594f4cffb77201215ee46d8b304.sol,[],[],[],[],[],[],[]
CodeSmell_OriginalFiles/0xfc5c6c8015962e7035f3bdc5fe7ec94bedc77833.sol,[],"['Osiris', 'Oyente']",[],[],[],[],['Slither']
CodeSmell_OriginalFiles/0xfc668AE14b0F7702c04b105448fE733D96C558DF.sol,['Slither'],[],[],[],[],[],[]
CodeSmell_OriginalFiles/0xfcc5b18f1f51956e0abb411e7b86c76586ab4ef9.sol,['Slither'],[],[],[],[],[],[]
CodeSmell_OriginalFiles/0xfd26d4fedea09da1bb2c4e410c747dda72fdb506.sol,[],"['Osiris', 'Oyente']",[],"['Osiris', 'Oyente']",[],[],[]
CodeSmell_OriginalFiles/0xfd743691ac893000f29c893ba21ed46f465c4de4.sol,[],['Osiris'],[],[],[],[],[]
CodeSmell_OriginalFiles/0xfdf4411669fc6e8951a6ae987307d7582fda7a05.sol,[],['Osiris'],[],[],[],[],[]
CodeSmell_OriginalFiles/0xfe211f86be5de898c9ebffe2c2b1d49ee8460b7f.sol,[],[],[],[],[],[],['Slither']
CodeSmell_OriginalFiles/0xfea61dbc3b9882efcd139a5e28b32234b9c76aea.sol,"['Osiris', 'Slither']",['Osiris'],[],[],[],['Slither'],[]
CodeSmell_OriginalFiles/1/0x5ab14c104ba2771fd2a6ec6f616da1ad41d5b8a7.sol,[],[],[],[],[],[],[]
CodeSmell_OriginalFiles/1/0x5b36208992284CEFA4de83F2Fb34B33D1A75d4B7.sol,[],[],[],[],[],[],[]
CodeSmell_OriginalFiles/1/0x5b7ea49f9fa4cc48f6737b72bd36bb4b9732bb7d.sol,[],[],[],[],[],[],[]
CodeSmell_OriginalFiles/1/0x5d356ebdaed2798547889ffa12fc587347e5ad89.sol,[],[],[],[],[],[],[]
CodeSmell_OriginalFiles/1/0x5da6f5621c6f5c8b8f09e2a6d62a9ed544cbe37c.sol,[],[],[],[],[],[],[]
CodeSmell_OriginalFiles/1/0x5fc6de61258e63706543bb57619b99cc0e5a5a1f.sol,[],[],[],[],[],[],[]
CodeSmell_OriginalFiles/1/0x6DE3cC59152e19f108378984f45E20a34C9f6338.sol,[],[],[],[],[],[],[]
CodeSmell_OriginalFiles/1/0x6abf810730a342add1374e11f3e97500ee774d1f.sol,['Mythril'],['Mythril'],[],[],['Mythril'],[],[]
CodeSmell_OriginalFiles/1/0x6b609d9095d069c805650234ab67595b3a6ab934.sol,['Mythril'],['Mythril'],[],[],['Mythril'],['Mythril'],[]
CodeSmell_OriginalFiles/1/0x6c5208924c5b302f756a79776a8b2918a041ad4d.sol,['Mythril'],['Mythril'],[],[],[],[],[]
CodeSmell_OriginalFiles/1/0x6c9e70d6682ea36ff340153d574b2c523671b107.sol,[],[],[],[],[],[],[]
CodeSmell_OriginalFiles/1/0x6d5cac36c1ae39f41d52393b7a425d0a610ad9f2.sol,[],[],[],[],[],[],[]
CodeSmell_OriginalFiles/1/0x6f4e647f553397dc999382ad3a9c5336c5de27aa.sol,['Mythril'],[],[],[],[],[],[]
CodeSmell_OriginalFiles/1/0x6f5C1Ed62A4fA41CFC332D81FAFd3CD38aaCBD85.sol,['Mythril'],[],[],[],['Mythril'],[],[]
CodeSmell_OriginalFiles/1/0x6f6deb5db0c4994a8283a01d6cfeeb27fc3bbe9c.sol,[],[],[],[],[],[],[]
CodeSmell_OriginalFiles/1/0x7a8bbfcccb6b80579d5965aa8d4a4b2294ac166e.sol,['Mythril'],[],[],[],[],[],[]
CodeSmell_OriginalFiles/1/0x7acbc0b5c51027dc659a19f257bb3e462309b626.sol,['Mythril'],['Mythril'],[],[],[],[],[]
CodeSmell_OriginalFiles/1/0x7c32DB0645A259FaE61353c1f891151A2e7f8c1e.sol,[],[],[],[],[],[],[]
CodeSmell_OriginalFiles/1/0x7c8b63c4cf7a6009e06dc78d9a8352cd0541556f.sol,[],[],[],[],[],[],[]
CodeSmell_OriginalFiles/1/0x7da82c7ab4771ff031b66538d2fb9b0b047f6cf9.sol,[],[],[],[],[],[],[]
CodeSmell_OriginalFiles/1/0x7da90089a73edd14c75b0c827cb54f4248d47ecc.sol,[],[],[],[],[],[],[]
CodeSmell_OriginalFiles/1/0x7ee41a4c66e92fe28abd5bde30ad644a2dc8b15f.sol,[],['Mythril'],[],[],[],[],[]
CodeSmell_OriginalFiles/1/0x7f0c38d5e951c47d96d3ec96e3127c73ed4b278e.sol,[],[],[],[],[],[],[]
CodeSmell_OriginalFiles/1/0x8BF1E43e3Ca6f5c25C380803154aE687D682Ad32.sol,[],[],[],[],[],[],[]
CodeSmell_OriginalFiles/1/0x8a8ca863f73992fcc43dd64c7261ba9dcc8e2181.sol,[],[],[],[],[],[],[]
CodeSmell_OriginalFiles/1/0x8b34fbc553db3462ad4909f2e5577cc22f63c216.sol,['Mythril'],['Mythril'],[],[],['Mythril'],[],[]
CodeSmell_OriginalFiles/1/0x8b7d07b6ffB9364e97B89cEA8b84F94249bE459F.sol,[],[],[],[],[],[],[]
CodeSmell_OriginalFiles/1/0x8c628caaff01b61140f5576292bf57154e119b0b.sol,[],[],[],[],[],[],[]
CodeSmell_OriginalFiles/1/0x8cd8baa410e9172b949f2c4433d3b5905f8606ff.sol,[],[],[],[],[],[],[]
CodeSmell_OriginalFiles/1/0x8d12a197cb00d4747a1fe03395095ce2a5cc6819.sol,[],[],[],[],[],[],[]
CodeSmell_OriginalFiles/1/0x8d2AAE6a7EB63Ba89c36e82385f096d41074Cd87.sol,[],[],[],[],[],[],[]
CodeSmell_OriginalFiles/1/0x8d44d6b4ea99c865df1545a2dcb3aa445ba484bc.sol,[],[],[],[],[],[],[]
CodeSmell_OriginalFiles/1/0x8d80de8a78198396329dfa769ad54d24bf90e7aa.sol,[],[],[],[],[],[],[]
CodeSmell_OriginalFiles/1/0x8eb24319393716668d768dcec29356ae9cffe285.sol,[],[],[],[],[],[],[]
CodeSmell_OriginalFiles/1/0x8eee81d817c9548615d69c485074b55df487ab95.sol,[],[],[],[],[],[],[]
CodeSmell_OriginalFiles/1/0x8f199d74d89b977d3f0684f0572bc66b16120ed8.sol,[],[],[],[],[],[],[]
CodeSmell_OriginalFiles/1/0x8f1e7E18c96C4B75D12CBcA93613Dfebd16eb0E1.sol,[],[],[],[],[],[],[]
CodeSmell_OriginalFiles/1/0x8ff920020c8ad673661c8117f2855c384758c572.sol,[],[],[],[],[],[],[]
CodeSmell_OriginalFiles/1/0x9AcA6aBFe63A5ae0Dc6258cefB65207eC990Aa4D.sol,[],[],[],[],[],[],[]
CodeSmell_OriginalFiles/1/0x9BD8f4736877567E267ee445209a0b2aAFc01402.sol,[],[],[],[],[],[],[]
CodeSmell_OriginalFiles/1/0x9DA53246714bf10010Aee31ffDb9cf8caB8c6813.sol,[],[],[],[],['Mythril'],[],[]
CodeSmell_OriginalFiles/1/0x9EA80e204045329Ba752D03C395F82A12799f13d.sol,[],[],[],[],[],[],[]
CodeSmell_OriginalFiles/1/0x9Ea7BA960A2668Df52eE0389C4617D48853b7006.sol,[],[],[],[],[],[],[]
CodeSmell_OriginalFiles/1/0x9a4ee79ab5ef423162873d3df22047b392492e58.sol,[],[],[],[],[],[],[]
CodeSmell_OriginalFiles/1/0x9ae98746EB8a0aeEe5fF2b6B15875313a986f103.sol,[],[],[],[],[],[],[]
CodeSmell_OriginalFiles/1/0x9b0f6a5a667cb92af0cd15dbe90e764e32f69e77.sol,[],[],[],[],[],[],[]
CodeSmell_OriginalFiles/1/0x9b2e81b42907e2bbd2bd76e36ba8ce1911db537e.sol,[],[],[],[],[],[],[]
CodeSmell_OriginalFiles/1/0x9b6BAA7DE8751328E8e0a8b872Ff8d36539b313D.sol,[],[],[],[],[],[],[]
CodeSmell_OriginalFiles/1/0x9b8c435196c8398ff021f375535cf04e3459b15c.sol,['Mythril'],['Mythril'],[],[],[],[],[]
CodeSmell_OriginalFiles/1/0x9bbb9387c9e2477a6b5d81afece00255875c48ce.sol,['Mythril'],[],[],[],[],[],[]
CodeSmell_OriginalFiles/1/0x9c099997100fe55041b2028332A027ad7004AAc4.sol,['Mythril'],['Mythril'],[],[],[],[],[]
CodeSmell_OriginalFiles/1/0x9ce6a4dbf61c13e23edf47b41e7a2ba9e525d765.sol,[],[],[],[],[],[],[]
CodeSmell_OriginalFiles/1/0x9de550274af9c3d4d3e9713f828bd58bd5686b5a.sol,[],[],[],[],[],[],[]
CodeSmell_OriginalFiles/1/0x9e46a38f5daabe8683e10793b06749eef7d733d1.sol,[],[],[],[],[],[],[]
CodeSmell_OriginalFiles/1/0x9f00f10e226ec430e888d6311e3f65e62093a9ac.sol,['Mythril'],[],[],[],[],[],[]
CodeSmell_OriginalFiles/2/0x575cb87ab3c2329a0248c7d70e0ead8e57f3e3f7.sol,[],[],[],[],[],[],[]
CodeSmell_OriginalFiles/2/0x5783af06b94192a3f5f6610ecef477d033b70c74.sol,[],[],[],[],[],[],[]
CodeSmell_OriginalFiles/2/0x580c1e3caca14826976b5820947f7ad486ac174d.sol,[],[],[],[],[],[],[]
CodeSmell_OriginalFiles/2/0x5882D49d3511E09096CBbaB7E19fBFb82f65f28D.sol,[],[],[],[],[],[],[]
CodeSmell_OriginalFiles/2/0x58e41735fa157a69ae9abf96321e890fb45f3dff.sol,[],[],[],[],[],[],[]
CodeSmell_OriginalFiles/2/0x60a76ea79eBC7264F2897EE7FE4f33F31ef25A74.sol,[],[],[],[],[],[],[]
CodeSmell_OriginalFiles/2/0x60e6b603b34b39ed22e95c10f360afde8a88d1e9.sol,[],[],[],[],[],[],[]
CodeSmell_OriginalFiles/2/0x60ee1f74b96274a60b3dd5b92b35a49f86cfce80.sol,[],[],[],[],[],[],[]
CodeSmell_OriginalFiles/2/0x611710ba93faf6d2964a94656771f76e6d05d5f0.sol,[],[],[],[],[],[],[]
CodeSmell_OriginalFiles/2/0x615ed6779507f223d04722d43ccc0cd871964e2a.sol,[],[],[],[],[],[],[]
CodeSmell_OriginalFiles/2/0x62451d37ca2ec1f0499996bc3c7e2baf258e9729.sol,[],[],[],[],[],[],[]
CodeSmell_OriginalFiles/2/0x62c8b4ac2aef3ed13b929ca9fb20cacb222e3fa6.sol,[],[],[],[],[],[],[]
CodeSmell_OriginalFiles/2/0x62e66080900fe39cd52bf5c0f8385b1339bedae5.sol,[],[],[],[],[],[],[]
CodeSmell_OriginalFiles/2/0x631b4cea5064e2577cdb73c37ed2de00c30ee14a.sol,['Mythril'],['Mythril'],[],[],['Mythril'],[],[]
CodeSmell_OriginalFiles/2/0x635783f8dc5e941fc142235ea44cc3529c17695d.sol,[],[],[],[],[],[],[]
CodeSmell_OriginalFiles/2/0x6425c6BE902d692AE2db752B3c268AFAdb099D3b.sol,[],[],[],[],[],[],[]
CodeSmell_OriginalFiles/2/0x655C072286A8ab7B33B16Aa6908CFECDe39E57a1.sol,[],[],[],[],[],[],[]
CodeSmell_OriginalFiles/2/0x66df48ba23c5e6cd5deb75f91bcc99030e2bf115.sol,[],[],[],[],[],[],[]
CodeSmell_OriginalFiles/2/0x6822aaf4ab22e6cca8352a927b9ae0a8fdb58d9d.sol,[],[],[],[],[],[],[]
CodeSmell_OriginalFiles/2/0x709c7134053510fce03b464982eab6e3d89728a5.sol,[],[],[],[],[],[],[]
CodeSmell_OriginalFiles/2/0x728781e75735dc0962df3a51d7ef47e798a7107e.sol,[],[],[],[],[],[],[]
CodeSmell_OriginalFiles/2/0x7352cb77c2478a59d21230a8d65146e04b59f58c.sol,[],[],[],[],['Mythril'],[],[]
CodeSmell_OriginalFiles/2/0x73dd069c299a5d691e9836243bcaec9c8c1d8734.sol,[],[],[],[],[],[],[]
CodeSmell_OriginalFiles/2/0x747616c4a19bd9bf1e2b6c8a77d206ea1f9c6018.sol,[],[],[],[],[],[],[]
CodeSmell_OriginalFiles/2/0x75009ba0e084973d9c42fa81862d7076fae4500d.sol,[],[],[],[],[],[],[]
CodeSmell_OriginalFiles/2/0x759981e5af7661836d305f71779690808c1de51f.sol,[],[],[],[],[],[],[]
CodeSmell_OriginalFiles/2/0x761d0ca58b3b34ccf4f66438f9d6378e2f063dce.sol,[],[],[],[],[],[],[]
CodeSmell_OriginalFiles/2/0x787C2fFFB74F559219836a77FAd6181f808b6F73.sol,[],[],[],[],[],[],[]
CodeSmell_OriginalFiles/2/0x78a73B6CBc5D183CE56e786f6e905CaDEC63547B.sol,[],[],[],[],[],[],[]
CodeSmell_OriginalFiles/2/0x8015302bc5163b9fdaf03c1c952cbe5d21dc6d4b.sol,[],[],[],[],[],[],[]
CodeSmell_OriginalFiles/2/0x80a92535c95d0e6cebece256df3c1b540c60dccb.sol,[],[],[],[],[],[],[]
CodeSmell_OriginalFiles/2/0x827d41446a2cb012d3011b94f525d6c46b32866d.sol,[],[],[],[],[],[],[]
CodeSmell_OriginalFiles/2/0x828bE8eA7bbbe246216e7017b35057F64cf6449a.sol,[],[],[],[],[],[],[]
CodeSmell_OriginalFiles/2/0x833ede3050c27d88e5da6922a312e3fdc15be29b.sol,[],[],[],[],[],[],[]
CodeSmell_OriginalFiles/2/0x836175e10c294d76fb44135d666b3eb76a62e0f0.sol,[],[],[],[],[],[],[]
CodeSmell_OriginalFiles/2/0x83b7EEb4D6eC1289578186f1da64A876DC71FCbb.sol,[],[],[],[],[],[],[]
CodeSmell_OriginalFiles/2/0x83c54a35e72ae07c46fc8f8f172a13ba19ac3bed.sol,[],[],[],[],[],[],[]
CodeSmell_OriginalFiles/2/0x87d1ccf428832015d6108520d6d0909013753a62.sol,[],[],[],[],[],[],[]
CodeSmell_OriginalFiles/2/0x89064da61e06c0e2035b5c8601c759ba60acb94d.sol,[],[],[],[],[],[],[]
CodeSmell_OriginalFiles/2/0x895d55ce51760ca614b5b446a504c4a49e2d26e8.sol,[],[],[],[],[],[],[]
CodeSmell_OriginalFiles/2/0x899f9a0440face1397a1ee1e3f6bf3580a6633d1.sol,['Mythril'],[],[],[],['Mythril'],[],[]
CodeSmell_OriginalFiles/2/0x89c0afcd1bdbb91675b9fca14519738d5286b61e.sol,[],[],[],[],[],[],[]
CodeSmell_OriginalFiles/2/0x901f47957338bf52b6a45ef67a3de09346c3fa29.sol,[],[],[],[],[],[],[]
CodeSmell_OriginalFiles/2/0x904764ffe5A90F12282995b5674055c15093AEeA.sol,[],[],[],[],[],[],[]
CodeSmell_OriginalFiles/2/0x91BD62e48282eA188998D04570eD8a3e237d3A6A.sol,[],[],[],[],[],[],[]
CodeSmell_OriginalFiles/2/0x91a57b2f6fa86b373bce5716eb26c81cbb004223.sol,[],[],[],[],[],[],[]
CodeSmell_OriginalFiles/2/0x92cB5F1FbabbcbDd891B9Cbd8E9a056c8c1eEbEF.sol,[],[],[],[],[],[],[]
CodeSmell_OriginalFiles/2/0x93519cc1a51ac56cf2daa8aaafcd4073f49a19d8.sol,[],[],[],[],[],[],[]
CodeSmell_OriginalFiles/2/0x93d812bf90a575d628e246b0966505a9e466f534.sol,['Mythril'],[],[],[],['Mythril'],[],[]
CodeSmell_OriginalFiles/2/0x942ffef843d37805c59f30fabb99b46aad135288.sol,[],[],[],[],[],[],[]
CodeSmell_OriginalFiles/2/0x94add786881a945e68f3dfd1478f586ba36769b5.sol,[],[],[],[],[],[],[]
CodeSmell_OriginalFiles/2/0x97282A7a15f9bEaDC854E8793AAe43B089F14b4e.sol,[],[],[],[],[],[],[]
CodeSmell_OriginalFiles/2/0x97ec9bfb0f6672c358620615a1e4de0348aea05c.sol,[],[],[],[],[],[],[]
CodeSmell_OriginalFiles/2/0x98f62d8ad5a884c8bbcf262591dff55dab263b80.sol,[],[],[],[],[],[],[]
CodeSmell_OriginalFiles/2/0x99892ac6da1b3851167cb959fe945926bca89f09.sol,[],[],[],[],[],[],[]
CodeSmell_OriginalFiles/3/0x66385555FC121D18Dc95eC3A8ECd51AB2B660dE5.sol,[],[],[],[],[],[],[]
CodeSmell_OriginalFiles/3/0x995020804986274763df9deb0296b754f2659ca1.sol,[],[],[],[],[],[],[]
CodeSmell_OriginalFiles/3/0xA5d1e58ECe1fC438d64E65769d2ab730143a4Caf.sol,[],[],[],[],[],[],[]
CodeSmell_OriginalFiles/3/0xA97fF44CFf7101FaC76aF172F088f400F28cb4E9.sol,[],[],[],[],[],[],[]
CodeSmell_OriginalFiles/3/0xACbfB851D69EF8Eca1453d82f38B590268ca46B1.sol,[],[],[],[],[],[],[]
CodeSmell_OriginalFiles/3/0xAd1aA68300588Aa5842751DDCAb2AFd4a69e9016.sol,[],['Mythril'],[],[],['Mythril'],[],[]
CodeSmell_OriginalFiles/3/0xB71Cd8f21D5C21edcd113CA2807189ddcAf9DD44.sol,[],[],[],[],[],[],[]
CodeSmell_OriginalFiles/3/0xa01d9BAfA60fbd1967bacF74B76c7e464d0F7c92.sol,[],[],[],[],[],[],[]
CodeSmell_OriginalFiles/3/0xa14c275277b788c20534066335e8bd3de77ffde4.sol,[],[],[],[],[],[],[]
CodeSmell_OriginalFiles/3/0xa1877c74562821ff59ffc0bc999e6a2e164f4d87.sol,[],[],[],[],[],[],[]
CodeSmell_OriginalFiles/3/0xa1c957c0210397d2d0296341627b74411756d476.sol,[],[],[],[],[],[],[]
CodeSmell_OriginalFiles/3/0xa2eb247c2bebbd233b455a6c798ceba81e3aa320.sol,[],[],[],[],[],[],[]
CodeSmell_OriginalFiles/3/0xa33c4a314faa9684eeffa6ba334688001ea99bbc.sol,[],[],[],[],[],[],[]
CodeSmell_OriginalFiles/3/0xa35e3e419ae0031460af1e7a1386cb8f0d7d0efb.sol,[],[],[],[],[],[],[]
CodeSmell_OriginalFiles/3/0xa37adde3ba20a396338364e2ddb5e0897d11a91d.sol,[],[],[],[],[],[],[]
CodeSmell_OriginalFiles/3/0xa42004629c80aa5f56186379c1185fbec0f65bf7.sol,[],[],[],[],[],[],[]
CodeSmell_OriginalFiles/3/0xa549ef3164556b3fdba16680798032b993c2325b.sol,[],[],[],[],[],[],[]
CodeSmell_OriginalFiles/3/0xa578acc0cb7875781b7880903f4594d13cfa8b98.sol,[],[],[],[],[],[],[]
CodeSmell_OriginalFiles/3/0xa646e29877d52b9e2de457eca09c724ff16d0a2b.sol,[],[],[],[],[],[],[]
CodeSmell_OriginalFiles/3/0xa6a180ce6432a356fb15ede85f63e1e6ffd7afeb.sol,[],[],[],[],[],[],[]
CodeSmell_OriginalFiles/3/0xa723606e907bf84215d5785ea7f6cd93a0fbd121.sol,[],[],[],[],[],[],[]
CodeSmell_OriginalFiles/3/0xa7f598984f6a77da416efaaf6ff18f5f7b9eeab2.sol,[],[],[],[],[],[],[]
CodeSmell_OriginalFiles/3/0xa7fa7588cd7ebf3d0e128f07da7406dd74e241df.sol,[],[],[],[],[],[],[]
CodeSmell_OriginalFiles/3/0xa87c3ec87eb802aad080df0adb331e504d327e5d.sol,['Mythril'],[],[],[],['Mythril'],[],[]
CodeSmell_OriginalFiles/3/0xa8a4ff10d75a82aa8cd1055d30a66c925dc5b2fe.sol,[],[],[],[],[],[],[]
CodeSmell_OriginalFiles/3/0xa9ad24633c93ee78f4c2bf9b3e9128cbc0269717.sol,[],[],[],[],[],[],[]
CodeSmell_OriginalFiles/3/0xaa6e94908c4b2d020ef5f92bca529db958df106f.sol,[],['Mythril'],[],[],[],[],[]
CodeSmell_OriginalFiles/3/0xaac8253a42c213b6a9cdf4f25cd5de29d09b96f9.sol,[],[],[],[],[],[],[]
CodeSmell_OriginalFiles/3/0xace518c4cb2b823c2ab2b12c709e71e11cfb8896.sol,[],[],[],[],[],[],[]
CodeSmell_OriginalFiles/3/0xad1ff4873633c9248130fbfe28d17e1bd5467cc4.sol,[],[],[],[],[],[],[]
CodeSmell_OriginalFiles/3/0xadaac4cb430f4f4aa0d60741bc263f3dfec0790a.sol,[],[],[],[],[],[],[]
CodeSmell_OriginalFiles/3/0xadb41fcd3df9ff681680203a074271d3b3dae526.sol,[],[],[],[],['Mythril'],[],[]
CodeSmell_OriginalFiles/3/0xae53aaff39f07cb48386ef33bc5fc72cc55d6f1c.sol,[],[],[],[],[],[],[]
CodeSmell_OriginalFiles/3/0xaf7aea249098f2c2f50cc11d4000ccf798194373.sol,['Mythril'],['Mythril'],[],[],['Mythril'],[],[]
CodeSmell_OriginalFiles/3/0xb00b5f9a21b79901d687d6d952319af767a116ca.sol,[],[],[],[],[],[],[]
CodeSmell_OriginalFiles/3/0xb0bef286a13457b963c710fa7765961d09a27c63.sol,['Mythril'],[],[],[],[],[],[]
CodeSmell_OriginalFiles/3/0xb104df39250112eda59b27f5db7013c7ee132d50.sol,[],[],[],[],[],[],[]
CodeSmell_OriginalFiles/3/0xb1690c08e213a35ed9bab7b318de14420fb57d8c.sol,['Mythril'],['Mythril'],[],[],['Mythril'],[],[]
CodeSmell_OriginalFiles/3/0xb28a3dd24036151c819c6d401f7a222d9aa3671b.sol,[],[],[],[],[],[],[]
CodeSmell_OriginalFiles/3/0xb375d24ffc46885c3bdd5ed275a248efe76a25c9.sol,[],[],[],[],[],[],[]
CodeSmell_OriginalFiles/3/0xb3775fb83f7d12a36e0475abdd1fca35c091efbe.sol,[],[],[],[],[],[],[]
CodeSmell_OriginalFiles/3/0xb3aac808b10eb65b74b59deb4f1998b52327bd1a.sol,[],[],[],[],[],[],[]
CodeSmell_OriginalFiles/3/0xb3b33f59174f2ef62167770e4c9cabaa3879eb5d.sol,[],[],[],[],[],[],[]
CodeSmell_OriginalFiles/3/0xb47e3cd837dDF8e4c57F05d70Ab865de6e193BBB.sol,[],[],[],[],[],[],[]
CodeSmell_OriginalFiles/3/0xb53613FA4ad09f00e41A91B7dFdfa3E98c76F4c0.sol,[],[],[],[],[],[],[]
CodeSmell_OriginalFiles/3/0xb5fbae0361855617c58ef95a186889f0122e6642.sol,[],[],[],[],[],[],[]
CodeSmell_OriginalFiles/3/0xb694a9ee2eed5dc6d58599a25874abda504fa60a.sol,[],[],[],[],['Mythril'],[],[]
CodeSmell_OriginalFiles/3/0xb77fd7187f7d4ba1f90a924c9d4264d4c458e5b3.sol,[],[],[],[],[],[],[]
CodeSmell_OriginalFiles/3/0xb8bf73550f251562d308882e032225a700a7b9bc.sol,[],[],[],[],[],[],[]
CodeSmell_OriginalFiles/3/0xba2184520a1cc49a6159c57e61e1844e085615b6.sol,[],[],[],[],[],[],[]
CodeSmell_OriginalFiles/3/0xbaaffc2f4074863bf0ced1dc61e5410fad075cec.sol,[],[],[],[],[],[],[]
CodeSmell_OriginalFiles/3/0xbad9b65cfb0c2e89bc9543b86849780baa52c605.sol,[],[],[],[],[],[],[]
CodeSmell_OriginalFiles/3/0xbbc5d510bab53b2199fb17fe1d896eb78911e103.sol,[],[],[],[],[],[],[]
CodeSmell_OriginalFiles/3/0xbc1aB7F58a95cf307Ba5Ee18CF06b7eD0120da7a.sol,[],[],[],[],[],[],[]
CodeSmell_OriginalFiles/3/0xbd2ed3e85faa3433c068c7b3f9c8c7d839ce88d7.sol,[],[],[],[],[],[],[]
CodeSmell_OriginalFiles/4/0xC16b542ff490e01fcc0DC58a60e1EFdc3e357cA6.sol,[],[],[],[],[],[],[]
CodeSmell_OriginalFiles/4/0xD0B56cbCD938AEAfb41915C09594eE88F3c5C41b.sol,[],[],[],[],[],[],[]
CodeSmell_OriginalFiles/4/0xD9BaBaf28e492F90dC900506B28834316eDed9e6.sol,[],[],[],[],[],[],[]
CodeSmell_OriginalFiles/4/0xbF29685856FAE1e228878DFB35B280C0adCC3B05.sol,[],[],[],[],[],[],[]
CodeSmell_OriginalFiles/4/0xbd6bfb97124bce7cab703e6aa6968706c5f0feea.sol,['Mythril'],[],[],[],['Mythril'],[],[]
CodeSmell_OriginalFiles/4/0xc00061de5d47f802daaf0de1498c9680732861c3.sol,[],['Mythril'],[],[],[],[],[]
CodeSmell_OriginalFiles/4/0xc02aaa39b223fe8d0a0e5c4f27ead9083c756cc2.sol,[],[],[],[],[],[],[]
CodeSmell_OriginalFiles/4/0xc03281af336e2c25b41ff893a0e6ce1a932b23af.sol,[],[],[],[],[],[],[]
CodeSmell_OriginalFiles/4/0xc0829421c1d260bd3cb3e0f06cfe2d52db2ce315.sol,[],[],[],[],[],[],[]
CodeSmell_OriginalFiles/4/0xc23f76aea00b775aadc8504ccb22468f4fd2261a.sol,[],[],[],[],[],[],[]
CodeSmell_OriginalFiles/4/0xc2de2ce66f1f16c09e6a2c9595ac878db4113a88.sol,[],[],[],[],[],[],[]
CodeSmell_OriginalFiles/4/0xc3142db870ce470122f7d2d4d8d76ae5dda51dda.sol,[],[],[],[],[],[],[]
CodeSmell_OriginalFiles/4/0xc3ef562cc403c8f9edf7c3826655fbf50f4ddde8.sol,[],[],[],[],[],[],[]
CodeSmell_OriginalFiles/4/0xc4d3abd6007e7475655a463f8aa01d4cca033991.sol,[],[],[],[],[],[],[]
CodeSmell_OriginalFiles/4/0xc5cdcd5470aef35fc33bddff3f8ecec027f95b1d.sol,[],[],[],[],[],[],[]
CodeSmell_OriginalFiles/4/0xc67c1f88f31e724b137a057292e55cb42a5f3241.sol,['Mythril'],['Mythril'],[],[],['Mythril'],[],[]
CodeSmell_OriginalFiles/4/0xc68d1fc21e05d135eaf640aae84a2a9dada69672.sol,[],[],[],[],[],[],[]
CodeSmell_OriginalFiles/4/0xc6e095f5fB53339D8F4C7f576ccD37bE05E5B67E.sol,[],[],[],[],[],[],[]
CodeSmell_OriginalFiles/4/0xc70afb5612b16d36d2204052f81932064fd084c5.sol,[],[],[],[],[],[],[]
CodeSmell_OriginalFiles/4/0xc7d784274aaa0010f0c3dedd10eb66d49b7e4098.sol,[],[],[],[],[],[],[]
CodeSmell_OriginalFiles/4/0xc83355ef25a104938275b46cffd94bf9917d0691.sol,[],[],[],[],[],[],[]
CodeSmell_OriginalFiles/4/0xc8d464c9906eb7a81a62f5ff658d7e4e68a8486b.sol,[],[],[],[],[],[],[]
CodeSmell_OriginalFiles/4/0xca6bea8e144b0a6aebbb412e6ad0e7ff1959235e.sol,[],[],[],[],[],[],[]
CodeSmell_OriginalFiles/4/0xcaef67f72114b4d2b4f43e7407455285b7de8de5.sol,[],[],[],[],[],[],[]
CodeSmell_OriginalFiles/4/0xcc5f26bf69b259b495a15427384e7f9668917d56.sol,[],[],[],[],[],[],[]
CodeSmell_OriginalFiles/4/0xcc89405e3cfd38412093840a3ac2f851dd395dfb.sol,[],[],[],[],['Mythril'],[],[]
CodeSmell_OriginalFiles/4/0xcce9fd6aea9fc618b98198b13599d2a0419534bb.sol,[],[],[],[],[],[],[]
CodeSmell_OriginalFiles/4/0xccf09a5a9449b8d39e27f7fcffbb1a30ec29c8db.sol,[],[],[],[],[],[],[]
CodeSmell_OriginalFiles/4/0xcd806502ad2f9aeb32e23f8d647341d4b568201d.sol,[],[],[],[],[],[],[]
CodeSmell_OriginalFiles/4/0xcdb7ecfd3403eef3882c65b761ef9b5054890a47.sol,[],[],[],[],[],[],[]
CodeSmell_OriginalFiles/4/0xce2095197142a6972256d70fe4ba024f2c7a7d96.sol,[],[],[],[],[],[],[]
CodeSmell_OriginalFiles/4/0xce6c1005bf05b370af93c1f70d7798aa08c0b6d6.sol,[],[],[],[],[],[],[]
CodeSmell_OriginalFiles/4/0xcfaafdd4ec90985108c3f4847b14e7c733eaf575.sol,[],[],[],[],[],[],[]
CodeSmell_OriginalFiles/4/0xd20e5bab91720217637847365bf5932fe85f6fd3.sol,[],[],[],[],[],[],[]
CodeSmell_OriginalFiles/4/0xd32c26B14030c724c0118576308Ea2fB3300D10f.sol,[],[],[],[],[],[],[]
CodeSmell_OriginalFiles/4/0xd3d20f3f0ededb2a1503dc8858c7c6f37c2b22cf.sol,[],[],[],[],[],[],[]
CodeSmell_OriginalFiles/4/0xd566fa4a696eac66f749f7fe999d6673fee2026c.sol,[],['Mythril'],[],[],[],[],[]
CodeSmell_OriginalFiles/4/0xd58297b5e0ad69f6ba949fdde9da0f2b978f00a0.sol,[],['Mythril'],[],[],[],[],[]
CodeSmell_OriginalFiles/4/0xd5abcc4c80fd01d8822f35f379fbcebf7a8b8679.sol,[],['Mythril'],[],[],[],[],[]
CodeSmell_OriginalFiles/4/0xd6A755BCe1844Ad6b7681118b18f54D63E5C13F9.sol,[],[],[],[],[],[],[]
CodeSmell_OriginalFiles/4/0xd76b5c2a23ef78368d8e34288b5b65d616b746ae.sol,[],[],[],[],[],[],[]
CodeSmell_OriginalFiles/4/0xd7784ddb103479ee3094c7816dd7918e1ae3997f.sol,[],[],[],[],[],[],[]
CodeSmell_OriginalFiles/4/0xd77fc35cc9007557dcd18bfe26fe66f1ea3a0e7f.sol,['Mythril'],['Mythril'],[],[],['Mythril'],[],[]
CodeSmell_OriginalFiles/4/0xd780ae2bf04cd96e577d3d014762f831d97129d0.sol,[],[],[],[],[],[],[]
CodeSmell_OriginalFiles/4/0xd7bc93f391e94557fa621711699d1a5fd38d5ad5.sol,[],[],[],[],[],[],[]
CodeSmell_OriginalFiles/4/0xd7e4ad7c318ffbafbf602e32e089e7e2326a2581.sol,[],[],[],[],[],[],[]
CodeSmell_OriginalFiles/4/0xd8e396e67650e72eefa281efc86738eb3e2c7400.sol,[],[],[],[],[],[],[]
CodeSmell_OriginalFiles/4/0xd9489f5a7c4420e814f6216505b6754ebd4213f7.sol,[],[],[],[],[],[],[]
CodeSmell_OriginalFiles/4/0xd96e8733dfd61fd37936450ea17176288c09a2a9.sol,[],[],[],[],[],[],[]
CodeSmell_OriginalFiles/4/0xd9e21e7fbbc85d05165b9691abc279249de1a658.sol,[],[],[],[],[],[],[]
CodeSmell_OriginalFiles/4/0xdD1AcE2f45962e4C1297c784009478865e3B13bE.sol,['Mythril'],[],[],[],['Mythril'],[],[]
CodeSmell_OriginalFiles/4/0xdaab8a09aed3b98df4fffef85e78cd6f513de7d0.sol,[],[],[],[],[],[],[]
CodeSmell_OriginalFiles/4/0xdb2Ae021F1EEa3c9ad25cd49aDDe23bB788D3D9D.sol,[],[],[],[],[],[],[]
CodeSmell_OriginalFiles/4/0xdc448e8a2a92a5ce799b197e982d773c605318a4.sol,[],[],[],[],[],[],[]
CodeSmell_OriginalFiles/4/0xdd5a3aeef473401c23f24c4c6b9cd1b0808fbb36.sol,[],[],[],[],[],[],[]
CodeSmell_OriginalFiles/5/0xDD9aE24a9E442Fd7af6Cd321400Cc8243458924F.sol,[],[],[],[],[],[],[]
CodeSmell_OriginalFiles/5/0xDfC328c19C8De45ac0117f836646378c10e0CdA3.sol,[],[],[],[],[],[],[]
CodeSmell_OriginalFiles/5/0xE05CeDD2838E4e1d99B539D8C768D6EF2a10F729.sol,[],[],[],[],[],[],[]
CodeSmell_OriginalFiles/5/0xE5a04D98538231b0fAb9ABa60cd73cE4fF3039DF.sol,[],[],[],[],[],[],[]
CodeSmell_OriginalFiles/5/0xE691b7FF3c9fdDB8C2437412208EE4816ABa7258.sol,[],[],[],[],[],[],[]
CodeSmell_OriginalFiles/5/0xF05EbadcF22b4dfd49d7f3AB59fd22C9fC49AF6F.sol,[],[],[],[],[],[],[]
CodeSmell_OriginalFiles/5/0xdd98b423dc61a756e1070de151b1485425505954.sol,[],[],[],[],[],[],[]
CodeSmell_OriginalFiles/5/0xddf0d0b9914d530e0b743808249d9af901f1bd01.sol,[],[],[],[],[],[],[]
CodeSmell_OriginalFiles/5/0xdf6164efd12678bf6a7d5a1ddf73c831493f6574.sol,[],[],[],[],[],[],[]
CodeSmell_OriginalFiles/5/0xe0efd668c950e6d286bc1c5b9304f31632708656.sol,[],[],[],[],[],[],[]
CodeSmell_OriginalFiles/5/0xe1df194ae7366876e91a0999e29530719452e558.sol,[],[],[],[],[],[],[]
CodeSmell_OriginalFiles/5/0xe1f243a9abfeef646be6bef7b8c2018276574294.sol,[],[],[],[],[],[],[]
CodeSmell_OriginalFiles/5/0xe23266201b2ad708cf9916240783ebe0405b3881.sol,[],[],[],[],[],[],[]
CodeSmell_OriginalFiles/5/0xe2d82dc7da0e6f882e96846451f4fabcc8f90528.sol,[],[],[],[],[],[],[]
CodeSmell_OriginalFiles/5/0xe2e5d0e1422e927abab19ad2067f802ad07fb364.sol,[],[],[],[],[],[],[]
CodeSmell_OriginalFiles/5/0xe43f953a39a4681ac36f72977ec6998adc3d9f6a.sol,[],[],[],[],[],[],[]
CodeSmell_OriginalFiles/5/0xe4ba27aebaa3d09b2ac68b0c070a4d37ccc65cb7.sol,[],[],[],[],[],[],[]
CodeSmell_OriginalFiles/5/0xe4fb506f5e6d8c68e71cb9f7cc2fde4c059d3925.sol,[],[],[],[],[],[],[]
CodeSmell_OriginalFiles/5/0xe531642e9bb5d027e9c20e03284287b97919a9a5.sol,['Mythril'],['Mythril'],[],[],['Mythril'],[],[]
CodeSmell_OriginalFiles/5/0xe642b6f79041c60d8447679b3a499f18d8b03b81.sol,[],[],[],[],[],[],[]
CodeSmell_OriginalFiles/5/0xe64d5f33e28387855d33980719f27f0d579392af.sol,[],[],[],[],[],[],[]
CodeSmell_OriginalFiles/5/0xe6517b766e6ee07f91b517435ed855926bcb1aae.sol,[],[],[],[],[],[],[]
CodeSmell_OriginalFiles/5/0xe752483412490481d193194d293db5cd0ed054a8.sol,[],[],[],[],[],[],[]
CodeSmell_OriginalFiles/5/0xe758421818E3FC974730292C0704F7b77DaA791c.sol,[],[],[],[],[],[],[]
CodeSmell_OriginalFiles/5/0xe782146478f5d9f3ecc77a77c429f2941dced0f3.sol,[],[],[],[],[],[],[]
CodeSmell_OriginalFiles/5/0xe7dc501cb9ca414cf9211af214d5065ca3a30768.sol,[],[],[],[],[],[],[]
CodeSmell_OriginalFiles/5/0xe8a51be86ad96447d45ddeddc55013f25157688c.sol,[],[],[],[],[],[],[]
CodeSmell_OriginalFiles/5/0xe9ef26c4e9761e2305f455a0e0d4cd286e2d13a1.sol,[],[],[],[],[],[],[]
CodeSmell_OriginalFiles/5/0xea3be67a30325e665a86ea4149c781b20a81e07f.sol,[],[],[],[],[],[],[]
CodeSmell_OriginalFiles/5/0xea450e48e8d0da4332516a12c63c2232450caf6a.sol,[],[],[],[],[],[],[]
CodeSmell_OriginalFiles/5/0xea88C23690b9F12ac6941E8a229aa4f94C72B8Db.sol,[],[],[],[],[],[],[]
CodeSmell_OriginalFiles/5/0xeb6e4fad04c68a2dd22c0a6acb1010c763c5ced8.sol,[],[],[],[],[],[],[]
CodeSmell_OriginalFiles/5/0xed1a5a5a71859c5eab160d4c9e1eb0d185f925e3.sol,[],[],[],[],['Mythril'],[],[]
CodeSmell_OriginalFiles/5/0xed574d920a0c152ca136717c79a352b83f3bb058.sol,[],[],[],[],[],[],[]
CodeSmell_OriginalFiles/5/0xed667323cf62f4bbb62ec22038e34ed27e02a360.sol,[],[],[],[],[],[],[]
CodeSmell_OriginalFiles/5/0xed7da010027967365e0a7c370c1dde2f9fe4477f.sol,[],[],[],[],[],[],[]
CodeSmell_OriginalFiles/5/0xee4e09a72c5f8d60ce09b4b90dd1ee680fc375fe.sol,[],[],[],[],[],[],[]
CodeSmell_OriginalFiles/5/0xf0300337E920aE843040A71584f870aE719bf5eD.sol,[],[],[],[],[],[],[]
CodeSmell_OriginalFiles/5/0xf0a924661b0263e5ce12756d07f45b8668c53380.sol,[],['Mythril'],['Mythril'],[],[],[],[]
CodeSmell_OriginalFiles/5/0xf1a35ded3f2f48d2a036f4ef586b725ceb0dddeb.sol,[],[],[],[],[],[],[]
CodeSmell_OriginalFiles/5/0xf1ed1fdb9f35ec6758262b4f0683d60f799bf8b6.sol,[],[],[],[],[],[],[]
CodeSmell_OriginalFiles/5/0xf300cc72613d575a4567405c2a07d2aaf182aebf.sol,[],[],[],[],[],[],[]
CodeSmell_OriginalFiles/5/0xf31619a15518dce0613a514e6672d1f84f6e7fe7.sol,['Mythril'],[],[],[],[],[],[]
CodeSmell_OriginalFiles/5/0xf39C702594792B91aec6d881C9e6ebD2022A2271.sol,[],[],[],[],[],[],[]
CodeSmell_OriginalFiles/5/0xf48d72e5a2419c0c6f5822854b7bb7bf135d1623.sol,[],[],[],[],[],[],[]
CodeSmell_OriginalFiles/5/0xf5056ed34e0c233f5a37b830533610a853296388.sol,[],[],[],[],[],[],[]
CodeSmell_OriginalFiles/5/0xf603c4161c388b77249486f9cb6f1741abda6a9b.sol,[],[],[],[],[],[],[]
CodeSmell_OriginalFiles/5/0xf665069a0ee102ceadbd80690814473dbdd56ac8.sol,[],[],[],[],[],[],[]
CodeSmell_OriginalFiles/5/0xf69cD472e4EfB38aa320470422C133Ff546B16CC.sol,[],[],[],[],['Mythril'],[],[]
CodeSmell_OriginalFiles/5/0xf7bc84a0e505cd424ce7706a67046271ace20ec8.sol,[],[],[],[],[],[],[]
CodeSmell_OriginalFiles/5/0xfaaad14ff8d00e28959094dd8cf90b6dcd7f5a3e.sol,[],[],[],[],[],[],[]
CodeSmell_OriginalFiles/5/0xfb2a61c6da801aca637e0a8fb459ce22f5c241f9.sol,[],[],[],[],[],[],[]
CodeSmell_OriginalFiles/5/0xfb950d858dab0594f4cffb77201215ee46d8b304.sol,['Mythril'],[],[],[],['Mythril'],[],[]
CodeSmell_OriginalFiles/5/0xfc5c6c8015962e7035f3bdc5fe7ec94bedc77833.sol,[],[],[],[],[],[],[]
CodeSmell_OriginalFiles/5/0xfc668AE14b0F7702c04b105448fE733D96C558DF.sol,[],[],[],[],[],[],[]
CodeSmell_OriginalFiles/6/0x01bd70a0cc118bca4c70624286488e8f3d78a10f.sol,[],[],[],[],[],[],[]
CodeSmell_OriginalFiles/6/0x01d5d0108589f3c52fcce6e65503bb6515e66698.sol,['Mythril'],['Mythril'],[],[],['Mythril'],[],[]
CodeSmell_OriginalFiles/6/0x05d379b48A8622ae4018309E116420Db4a38A225.sol,[],[],[],[],[],[],[]
CodeSmell_OriginalFiles/6/0x0E915b35cC269b2DfC8BbD8E4A88Ed4884a53EfC.sol,['Mythril'],['Mythril'],[],[],[],[],[]
CodeSmell_OriginalFiles/6/0x0F4caFDCE3737601C598BcFD4Bbd69F75786bA40.sol,[],[],[],[],[],[],[]
CodeSmell_OriginalFiles/6/0x0b1724cc9fda0186911ef6a75949e9c0d3f0f2f3.sol,[],[],[],[],[],[],[]
CodeSmell_OriginalFiles/6/0x0b6bc31fe6839ec3b8cfc98819cec7fa64158a8f.sol,['Mythril'],['Mythril'],[],[],[],[],[]
CodeSmell_OriginalFiles/6/0x0b9e9c56ec900fbea85546444458d3c31ab60572.sol,[],[],[],[],[],[],[]
CodeSmell_OriginalFiles/6/0x0dE2aD05856f8F5bfD8284D540a5d8C3AEc4dC9A.sol,[],[],[],[],[],[],[]
CodeSmell_OriginalFiles/6/0x0dcfdb9f5496ed7f62dd0ac019c7daf184a66aef.sol,['Mythril'],[],[],[],['Mythril'],[],[]
CodeSmell_OriginalFiles/6/0x0f598112679b78e17a4a9febc83703710d33489c.sol,[],[],[],[],[],[],[]
CodeSmell_OriginalFiles/6/0x0f5d2fb29fb7d3cfee444a200298f468908cc942.sol,[],[],[],[],[],[],[]
CodeSmell_OriginalFiles/6/0x1b8f71e4eec8df98598bbc3093cafeb57c7109ae.sol,[],[],[],[],[],[],[]
CodeSmell_OriginalFiles/6/0x1bb28e79f2482df6bf60efc7a33365703bcf1536.sol,[],[],[],[],[],[],[]
CodeSmell_OriginalFiles/6/0x1c02ce498dc6d0d6ef05a253e021258b07eeba91.sol,[],[],[],[],[],[],[]
CodeSmell_OriginalFiles/6/0x1cE7AE555139c5EF5A57CC8d814a867ee6Ee33D8.sol,[],[],[],[],['Mythril'],[],[]
CodeSmell_OriginalFiles/6/0x1cf6949F4B661018B3195f3FF98effe12f587263.sol,[],[],[],[],[],[],[]
CodeSmell_OriginalFiles/6/0x1d840cb510f084e6154c85d14d98cdc8f7a3b4d5.sol,[],[],[],[],[],[],[]
CodeSmell_OriginalFiles/6/0x1de2bfa2dfbca3af3848bfd9089ff84f447366f4.sol,[],[],[],[],[],[],[]
CodeSmell_OriginalFiles/6/0x1de4b791c6c7230dffb6d1ecce8eef1ed7f631f9.sol,[],[],[],[],[],[],[]
CodeSmell_OriginalFiles/6/0x1e025340d6f75a2a4ef81139049cfbf976782eeb.sol,[],[],[],[],[],[],[]
CodeSmell_OriginalFiles/6/0x1e2fbe6be9eb39fc894d38be976111f332172d83.sol,[],[],[],[],[],[],[]
CodeSmell_OriginalFiles/6/0x1f31d1168efe4bd22d00d31fc425e5bcb54c75e7.sol,[],['Mythril'],[],[],[],[],[]
CodeSmell_OriginalFiles/6/0x1f88888732d0943bb49f7573a8848814ff0a4090.sol,[],[],[],[],[],[],[]
CodeSmell_OriginalFiles/6/0x1fc7bd85293f3982f40d52698df8d26be89360d6.sol,['Mythril'],['Mythril'],[],[],['Mythril'],[],[]
CodeSmell_OriginalFiles/6/0x2a0c0dbecc7e4d658f48e01e3fa353f44050c208.sol,['Mythril'],[],[],[],[],[],[]
CodeSmell_OriginalFiles/6/0x2af47a65da8cd66729b4209c22017d6a5c2d2400.sol,['Mythril'],[],[],[],[],[],[]
CodeSmell_OriginalFiles/6/0x2c1180e2818069e5a9f911e636fb8f3db5106a9f.sol,[],[],[],[],[],[],[]
CodeSmell_OriginalFiles/6/0x2c3cc0f8dede2eccae43380ecf29b61fa6d10dca.sol,[],[],[],[],[],[],[]
CodeSmell_OriginalFiles/6/0x2c6c596cfd4c2c3b039db90fd3c8acb564e13251.sol,[],[],[],[],[],[],[]
CodeSmell_OriginalFiles/6/0x2ce4f2b9b3261cd95229d80dfc785d2edb4cfd1a.sol,[],[],[],[],[],[],[]
CodeSmell_OriginalFiles/6/0x2e2e617e4625c6a30a3290dde5b689212ff061e8.sol,['Mythril'],[],[],[],['Mythril'],[],[]
CodeSmell_OriginalFiles/6/0x2eefe55e7fd4546ce3451430aa4fdced0c4efe85.sol,[],[],[],[],[],[],[]
CodeSmell_OriginalFiles/6/0x3aaa175924a77ee4b40606f714b727331e430ece.sol,[],[],[],[],[],[],[]
CodeSmell_OriginalFiles/6/0x3ad158c1d0ba24eb86e4bc49a7944f08941ca7bc.sol,[],[],[],[],[],[],[]
CodeSmell_OriginalFiles/6/0x3b5F11dBaC1476af17957C6e5991F21c826743dd.sol,[],[],[],[],[],[],[]
CodeSmell_OriginalFiles/6/0x3b95e7496f55ecfd4d6db009879e3a8ce684940b.sol,[],[],[],[],[],[],[]
CodeSmell_OriginalFiles/6/0x3bb62bada8f9921dcf0b1be5d2c972d69c064d84.sol,[],[],[],[],[],[],[]
CodeSmell_OriginalFiles/6/0x3c7767011C443EfeF2187cf1F2a4c02062da3998.sol,[],[],[],[],[],[],[]
CodeSmell_OriginalFiles/6/0x3cfc5c7fa8db91de8efd633998097f8e96eff043.sol,[],[],[],[],[],[],[]
CodeSmell_OriginalFiles/6/0x3eb21f4678b352fcd8facf06b642c6720e04961b.sol,[],[],[],[],[],[],[]
CodeSmell_OriginalFiles/6/0x3efb2bbdf798c5f9fe0dd932846fa1b031eac1fe.sol,[],[],[],[],[],[],[]
CodeSmell_OriginalFiles/6/0x3f0a24a07b2d729a02640deb1d27cd00da72b799.sol,[],[],[],[],[],[],[]
CodeSmell_OriginalFiles/6/0x4a412fe6e60949016457897f9170bb00078b89a3.sol,[],[],[],[],[],[],[]
CodeSmell_OriginalFiles/6/0x4c1603e0834871ec3bab21d8db26de88db36bf9e.sol,[],[],[],[],[],[],[]
CodeSmell_OriginalFiles/6/0x4d09c5e758ca68be27240f29fb681e5a5341ca98.sol,[],[],[],[],[],[],[]
CodeSmell_OriginalFiles/6/0x4ddaf983302f451a5a6dc95af102335bf280d9a7.sol,[],[],[],[],[],[],[]
CodeSmell_OriginalFiles/6/0x4e646a576917a6a47d5b0896c3e207693870869d.sol,[],[],[],[],[],[],[]
CodeSmell_OriginalFiles/6/0x4f232a41b26bf07c37240f0cb3bde5727074a0f6.sol,[],[],[],[],[],[],[]
CodeSmell_OriginalFiles/6/0xfcc5b18f1f51956e0abb411e7b86c76586ab4ef9.sol,[],[],[],[],[],[],[]
CodeSmell_OriginalFiles/6/0xfd26d4fedea09da1bb2c4e410c747dda72fdb506.sol,[],[],[],[],[],[],[]
CodeSmell_OriginalFiles/6/0xfd743691ac893000f29c893ba21ed46f465c4de4.sol,[],[],[],[],[],[],[]
CodeSmell_OriginalFiles/6/0xfdf4411669fc6e8951a6ae987307d7582fda7a05.sol,[],[],[],[],[],[],[]
CodeSmell_OriginalFiles/6/0xfe211f86be5de898c9ebffe2c2b1d49ee8460b7f.sol,['Mythril'],[],[],[],[],[],[]
CodeSmell_OriginalFiles/6/0xfea61dbc3b9882efcd139a5e28b32234b9c76aea.sol,['Mythril'],['Mythril'],[],[],['Mythril'],['Mythril'],[]
CodeSmell_OriginalFiles/7/0x0214d7faA8145bDdb0fb4977980cE26AA1f95cEE.sol,[],[],[],[],[],[],[]
CodeSmell_OriginalFiles/7/0x035a401972f228b58dcae76bf318b54ed036d680.sol,[],[],[],[],[],[],[]
CodeSmell_OriginalFiles/7/0x040d11c850fb167cddb1e4d308fe9062fddaebd1.sol,[],[],[],[],[],[],[]
CodeSmell_OriginalFiles/7/0x060e1e5ca588561431822e296aeab1fdecc893dc.sol,[],[],[],[],[],[],[]
CodeSmell_OriginalFiles/7/0x06Ee3390532f493B4C3a41aA6E396ec750C038d7.sol,[],[],[],[],[],[],[]
CodeSmell_OriginalFiles/7/0x075a5d77E17502ABa0388746aA229BB33682f521.sol,[],[],[],[],[],[],[]
CodeSmell_OriginalFiles/7/0x08fca9bfaed36c29ee3435206158f13dedf4a859.sol,[],[],[],[],[],[],[]
CodeSmell_OriginalFiles/7/0x090fC358FA1a992C083590c7dd33Ad5208A02e9d.sol,[],[],[],[],[],[],[]
CodeSmell_OriginalFiles/7/0x092d3374f942bb4a99ce64f37fa7e661fdd1e74c.sol,[],[],[],[],[],[],[]
CodeSmell_OriginalFiles/7/0x103c2c150a2dbcc277ee084c59881978060c8c22.sol,[],[],[],[],[],[],[]
CodeSmell_OriginalFiles/7/0x10b7d09dca7f9c6d33a9aeef5bf2bb5ce3ec1550.sol,['Mythril'],['Mythril'],[],[],['Mythril'],[],[]
CodeSmell_OriginalFiles/7/0x10e32d84d8bd44b68e99c6fe147ef2ba63e6ae22.sol,[],[],[],[],[],[],[]
CodeSmell_OriginalFiles/7/0x11d4ec0991951b5ea20a1f3bf0c9e36e054b1e55.sol,[],[],[],[],[],[],[]
CodeSmell_OriginalFiles/7/0x129acbb3ad1a3ad13fec0fc7ca26811a487e14c9.sol,[],[],[],[],[],[],[]
CodeSmell_OriginalFiles/7/0x12b58582694d1f854ce2a947b27be598569fbc92.sol,[],[],[],[],[],[],[]
CodeSmell_OriginalFiles/7/0x13ce614e9d7ce609dedba1b42ba2163426ba5ace.sol,[],[],[],[],[],[],[]
CodeSmell_OriginalFiles/7/0x13ea82d5e1a811f55bda9c86fdd6195a6bd23aed.sol,[],[],[],[],[],[],[]
CodeSmell_OriginalFiles/7/0x14a3f4795076c0ae67c2aa9efc10e58427a00dff.sol,[],[],[],[],[],[],[]
CodeSmell_OriginalFiles/7/0x14c6c5b52827b9fffef52e08ee2479498e5c9cf3.sol,[],[],[],[],[],[],[]
CodeSmell_OriginalFiles/7/0x14cf6193935b17fc72649ba420fdd5bfdf1f0001.sol,['Mythril'],['Mythril'],[],[],[],[],[]
CodeSmell_OriginalFiles/7/0x14f109d126c58b5bf55cdc51b9bd90b21e6a6de5.sol,[],[],[],[],[],[],[]
CodeSmell_OriginalFiles/7/0x155E7e9ab193Aa37c87D22f66002e3dB64C9E0Ce.sol,[],[],[],[],[],[],[]
CodeSmell_OriginalFiles/7/0x15dbdB25f870f21eaf9105e68e249E0426DaE916.sol,[],[],[],[],[],[],[]
CodeSmell_OriginalFiles/7/0x16a0772b17ae004e6645e0e95bf50ad69498a34e.sol,[],[],[],[],[],[],[]
CodeSmell_OriginalFiles/7/0x173fc908b21b861facf54c65c10002b1e2f9c323.sol,[],[],[],[],[],[],[]
CodeSmell_OriginalFiles/7/0x19d7a9ad3b49252fd2ef640d0e43dfd651168499.sol,[],['Mythril'],[],[],['Mythril'],[],[]
CodeSmell_OriginalFiles/7/0x208d6ed75f6aacdb9c71099c0943736fddbf5989.sol,[],[],[],[],[],[],[]
CodeSmell_OriginalFiles/7/0x218aa06eabc62f2668b0a1e1307d9f7ec47d29a2.sol,[],[],[],[],[],[],[]
CodeSmell_OriginalFiles/7/0x23a20f8e0b5c79f39a2b4395a610a60fb30bc71d.sol,[],[],[],[],[],[],[]
CodeSmell_OriginalFiles/7/0x26d08b9d227933a85e855656dc46ab889e183c88.sol,['Mythril'],['Mythril'],[],[],['Mythril'],[],[]
CodeSmell_OriginalFiles/7/0x27ba31d1f1219ba326a30c9fb9e17fb4d6a364a7.sol,[],[],[],[],[],[],[]
CodeSmell_OriginalFiles/7/0x29aa20fB9b23421E310BDB8a7cfB81d7fbB4a1b3.sol,[],[],[],[],[],[],[]
CodeSmell_OriginalFiles/7/0x30cc0e266cf33b8eac6a99cbd98e39b890cfd69b.sol,['Mythril'],[],[],[],[],[],[]
CodeSmell_OriginalFiles/7/0x30cefbcb5c26a5b19a019092ab8d09f8739c904f.sol,[],[],[],[],[],[],[]
CodeSmell_OriginalFiles/7/0x32bacc8b241fb172fee18bda32527126c6f3c5f7.sol,[],[],[],[],[],[],[]
CodeSmell_OriginalFiles/7/0x33a22bcafd6ef4e4a5e322f9a3910298a3c043a8.sol,[],[],[],[],[],[],[]
CodeSmell_OriginalFiles/7/0x33a275B9cd129b34e5f0693D82d6d3Db26B0C3a0.sol,[],[],[],[],[],[],[]
CodeSmell_OriginalFiles/7/0x33a4b06a3ecc62062ecf3646eff39f952c8fffc9.sol,[],[],[],[],[],[],[]
CodeSmell_OriginalFiles/7/0x34f940a0311f6f6015fee8ddc1e2eb7985202690.sol,[],[],[],[],[],[],[]
CodeSmell_OriginalFiles/7/0x35a69642857083ba2f30bfab735dacc7f0bac969.sol,[],[],[],[],[],[],[]
CodeSmell_OriginalFiles/7/0x35d82234a9f2cfe1dc2fb7665c785e1755cfd559.sol,[],[],[],[],[],[],[]
CodeSmell_OriginalFiles/7/0x37a5bb09f4d7613803f6bdd52d261c01ec2a7540.sol,[],[],[],[],[],[],[]
CodeSmell_OriginalFiles/7/0x39df5af51c47256e5c63b3dae1a21f3da4a58e89.sol,[],[],[],[],[],[],[]
CodeSmell_OriginalFiles/7/0x41ff0796a6c7a201476bff53c4cb2c48b084e5e0.sol,[],[],[],[],[],[],[]
CodeSmell_OriginalFiles/7/0x45aaf948ca47329f0059facb78806f1c63a3d197.sol,[],[],[],[],[],[],[]
CodeSmell_OriginalFiles/7/0x45d147c800d401350b24fc1cd5fbc98040b177c8.sol,['Mythril'],['Mythril'],[],[],[],[],[]
CodeSmell_OriginalFiles/7/0x47d47c1f174bf9e7322974998e62968cec96257c.sol,[],[],[],[],[],[],[]
CodeSmell_OriginalFiles/7/0x48EB12C0DDc5163E8693F3029A14440442Df2710.sol,[],[],[],[],[],[],[]
CodeSmell_OriginalFiles/7/0x48d8f22d45e40F34cB7C10799F31246F134E9B7f.sol,[],[],[],[],[],[],[]
CodeSmell_OriginalFiles/7/0x49fddeae0b521dab8d0c4b77e7161094f971320d.sol,[],[],[],[],[],[],[]
CodeSmell_OriginalFiles/7/0x50fcf0396874f1d4a4d243e8bb4c370c97f119bf.sol,[],[],[],[],[],[],[]
CodeSmell_OriginalFiles/7/0x52e34238bacb8730d4804637891c87656b5407d5.sol,['Mythril'],[],[],[],['Mythril'],[],[]
CodeSmell_OriginalFiles/7/0x53a54c442583d2e844733f179d142c32f3c004b7.sol,['Mythril'],[],[],[],[],[],[]
CodeSmell_OriginalFiles/7/0x53e3a7ec57132173ce615debb9a303fd2cd86789.sol,[],[],[],[],[],[],[]
CodeSmell_OriginalFiles/7/0x55D5B8fE471cc4e19D7f0fc17D7a98c0C72A5688.sol,[],[],[],[],[],[],[]
CodeSmell_OriginalFiles/8/0x00430f32b8e77a456d0ab7e6f1dc1b84f4ae62e0.sol,[],[],[],[],[],[],[]
CodeSmell_OriginalFiles/8/0x01617196358c14628d032f9c5f7188f2fbcafd78.sol,[],[],[],[],[],[],[]
CodeSmell_OriginalFiles/8/0x0348b55abd6e1a99c6ebc972a6a4582ec0bceb5c.sol,[],[],[],[],[],[],[]
CodeSmell_OriginalFiles/8/0x05580ac8bdcdecee70c39592cd07c303992d58b8.sol,[],[],[],[],[],[],[]
CodeSmell_OriginalFiles/8/0x06012c8cf97bead5deae237070f9587f8e7a266d.sol,[],[],[],[],[],[],[]
CodeSmell_OriginalFiles/8/0x09678741bd50c3e74301f38fbd0136307099ae5d.sol,['Mythril'],[],[],[],[],[],[]
CodeSmell_OriginalFiles/8/0x11524a168d1b888df781a87a6b4511f199b543ad.sol,[],[],[],[],[],[],[]
CodeSmell_OriginalFiles/8/0x141766882733cafa9033e8707548fdcac908db22.sol,[],[],[],[],[],[],[]
CodeSmell_OriginalFiles/8/0x16885883e2785C56D279636b45fB85d8F9B0db23.sol,['Mythril'],['Mythril'],[],[],['Mythril'],[],[]
CodeSmell_OriginalFiles/8/0x1748255382157bc5d4ed7e70c56afc5c97bddf07.sol,[],[],[],[],[],[],[]
CodeSmell_OriginalFiles/8/0x2128ed30ffef264f70f2d6237108f8aa02fb3b64.sol,[],[],[],[],[],[],[]
CodeSmell_OriginalFiles/8/0x219218f117dc9348b358b8471c55a073e5e0da0b.sol,[],[],[],[],[],[],[]
CodeSmell_OriginalFiles/8/0x22164e957ac4c0cb0f19c49b05e627675436dfe1.sol,[],[],[],[],[],[],[]
CodeSmell_OriginalFiles/8/0x225ad9683005ce6fde4eae78c7ed91a499182378.sol,[],[],[],[],[],[],[]
CodeSmell_OriginalFiles/8/0x23166b7900d968f2A2100829b0A19540aa2f7cf1.sol,[],[],[],[],[],[],[]
CodeSmell_OriginalFiles/8/0x27218c41e1054dc0484acd2ad35def0ffd17782a.sol,[],[],[],[],[],[],[]
CodeSmell_OriginalFiles/8/0x276f5da0f6c7b55129570ac7195e6e65122a4cd0.sol,[],[],[],[],['Mythril'],[],[]
CodeSmell_OriginalFiles/8/0x286bda1413a2df81731d4930ce2f862a35a609fe.sol,[],[],[],[],[],[],[]
CodeSmell_OriginalFiles/8/0x286e052bc8250250566683424001ee5224867d91.sol,[],[],[],[],[],[],[]
CodeSmell_OriginalFiles/8/0x30407ece7f4252a7e2d786207831561b33ec3f13.sol,[],[],[],[],[],[],[]
CodeSmell_OriginalFiles/8/0x30758B708a2A31C3ab7dE6B8637adBed725e33aE.sol,[],[],[],[],[],[],[]
CodeSmell_OriginalFiles/8/0x3076d20cef23cf934fc6f857eb97e2baa63fc9fb.sol,[],[],[],[],[],[],[]
CodeSmell_OriginalFiles/8/0x311d745582a97be5d7abbce48855ecec72737c5d.sol,[],[],[],[],[],[],[]
CodeSmell_OriginalFiles/8/0x320274f5dd332cc3b617b360e8554d95a0b96978.sol,[],[],[],[],[],[],[]
CodeSmell_OriginalFiles/8/0x3339ec512996fcdfacae2fbe941b6820f2c4e8b2.sol,[],['Mythril'],[],[],[],[],[]
CodeSmell_OriginalFiles/8/0x336db6c1ead9cc4d5b0a33ac03c057e20640126a.sol,[],[],[],[],[],[],[]
CodeSmell_OriginalFiles/8/0x338649003ff30194be899100b67a00bbcd62af67.sol,[],[],[],[],[],[],[]
CodeSmell_OriginalFiles/8/0x357f07ac89ee6329a70ca837d6bfc16b0275015f.sol,[],['Mythril'],[],[],['Mythril'],[],[]
CodeSmell_OriginalFiles/8/0x365267181bc0ef38bbb8d8ca9b330dc0c3ac01d1.sol,[],[],[],[],[],[],[]
CodeSmell_OriginalFiles/8/0x371715dda4cf2b4ca22c5995da8a86bc7c21837e.sol,[],[],[],[],[],[],[]
CodeSmell_OriginalFiles/8/0x3726cc0cdb26106bfb297ee6697da2a8687f385b.sol,[],[],[],[],[],[],[]
CodeSmell_OriginalFiles/8/0x373c55c277b866a69dc047cad488154ab9759466.sol,[],[],[],[],[],[],[]
CodeSmell_OriginalFiles/8/0x3774cc78af0bda8eacbdac6be5fb23261b8efaa7.sol,[],[],[],[],[],[],[]
CodeSmell_OriginalFiles/8/0x388a037ab169b128e70cf67e1228ecd03f0400f2.sol,[],[],[],[],[],[],[]
CodeSmell_OriginalFiles/8/0x39139b54e733d01fd0b46fdb32cf45e08696541c.sol,[],[],[],[],[],[],[]
CodeSmell_OriginalFiles/8/0x39173925e7c7a07dc7a6afbf1dffd0179de18c27.sol,['Mythril'],[],[],[],['Mythril'],[],[]
CodeSmell_OriginalFiles/8/0x402b92b00552409ed1ad83a74ff037ce1a3d7276.sol,[],[],[],[],[],[],[]
CodeSmell_OriginalFiles/8/0x4290563C2D7c255B5EEC87f2D3bD10389f991d68.sol,[],[],[],[],[],[],[]
CodeSmell_OriginalFiles/8/0x4490f9807965c49a2471bd7b121a80f0b3861e5c.sol,[],[],[],[],[],[],[]
CodeSmell_OriginalFiles/8/0x472b76c61aa0eb8134a8eb1220c2598f33ce6b67.sol,[],[],[],[],[],[],[]
CodeSmell_OriginalFiles/8/0x476c331d7f6569dc4bd16ef6673f7a89cd6f37c3.sol,[],[],[],[],[],[],[]
CodeSmell_OriginalFiles/8/0x491559dd3dfdbca13edc74569e86c8a0d517975b.sol,[],[],[],[],['Mythril'],[],[]
CodeSmell_OriginalFiles/8/0x49516fe7bdc54b29a7f95ff55fdd38d9228e55af.sol,[],[],[],[],[],[],[]
CodeSmell_OriginalFiles/8/0x5019066b46ae4b8673085b609be366400f53871b.sol,[],[],[],[],[],[],[]
CodeSmell_OriginalFiles/8/0x5052787b0B9cEC67442E2FF43D2176693377Bc5A.sol,[],[],[],[],[],[],[]
CodeSmell_OriginalFiles/8/0x51036b0029e95ecbce4784df0a87987d1092ec7d.sol,[],[],[],[],[],[],[]
CodeSmell_OriginalFiles/8/0x52519fd6cb827ec77e961c76c9b326470703d0a8.sol,[],[],[],[],[],[],[]
CodeSmell_OriginalFiles/8/0x525aEEf9Af9ae896179EE287e024a40cF5FC7655.sol,[],[],[],[],[],[],[]
CodeSmell_OriginalFiles/8/0x53570f9db0d81af09d9ef418e37e025668eed05f.sol,[],[],[],[],[],[],[]
CodeSmell_OriginalFiles/8/0x535ab96be208f115302facee73ae976e9174ac0b.sol,[],[],[],[],[],[],[]
CodeSmell_OriginalFiles/8/0x54186df214506ff5613196170d1bd576895193ab.sol,[],[],[],[],[],[],[]
CodeSmell_OriginalFiles/8/0x55648de19836338549130b1af587f16bea46f66b.sol,[],[],[],[],[],[],[]
CodeSmell_OriginalFiles/8/0x558c62533def5e9d77a7e555490c0E2889EaCF3A.sol,[],[],[],[],[],[],[]
